County,County Code,Race,Race Code,Education,Death Rate
"Jefferson County, AL",1073,Black or African American,2054-5,9th through 12th grade with no diploma,14.18
"Jefferson County, AL",1073,Black or African American,2054-5,High school graduate or GED completed,12.23
"Jefferson County, AL",1073,Black or African American,2054-5,"Some college credit, but not a degree",14.79
"Jefferson County, AL",1073,Black or African American,2054-5,"Associate degree (AA, AS)",14.75
"Jefferson County, AL",1073,Black or African American,2054-5,"Bachelor's degree (BA, AB, BS)",15.37
"Jefferson County, AL",1073,Black or African American,2054-5,Excluded,16.08
"Madison County, AL",1089,Black or African American,2054-5,9th through 12th grade with no diploma,24.61
"Madison County, AL",1089,Black or African American,2054-5,High school graduate or GED completed,10.77
"Madison County, AL",1089,Black or African American,2054-5,"Some college credit, but not a degree",11.24
"Madison County, AL",1089,Black or African American,2054-5,Excluded,12.31
"Mobile County, AL",1097,Black or African American,2054-5,9th through 12th grade with no diploma,15.01
"Mobile County, AL",1097,Black or African American,2054-5,High school graduate or GED completed,14.33
"Mobile County, AL",1097,Black or African American,2054-5,"Some college credit, but not a degree",12.89
"Mobile County, AL",1097,Black or African American,2054-5,Excluded,11.87
"Unidentified Counties, AL",1999,Black or African American,2054-5,9th through 12th grade with no diploma,14.14
"Unidentified Counties, AL",1999,Black or African American,2054-5,High school graduate or GED completed,14.26
"Unidentified Counties, AL",1999,Black or African American,2054-5,"Some college credit, but not a degree",12.45
"Unidentified Counties, AL",1999,Black or African American,2054-5,"Associate degree (AA, AS)",10.19
"Unidentified Counties, AL",1999,Black or African American,2054-5,"Bachelor's degree (BA, AB, BS)",13.11
"Unidentified Counties, AL",1999,Black or African American,2054-5,"Master's degree (MA, MS)",10.26
"Unidentified Counties, AL",1999,Black or African American,2054-5,Excluded,12.84
"Anchorage Borough, AK",2020,Black or African American,2054-5,Excluded,7.36
"Unidentified Counties, AK",2999,Black or African American,2054-5,Excluded,9.83
"Maricopa County, AZ",4013,Black or African American,2054-5,9th through 12th grade with no diploma,10.43
"Maricopa County, AZ",4013,Black or African American,2054-5,High school graduate or GED completed,10
"Maricopa County, AZ",4013,Black or African American,2054-5,"Some college credit, but not a degree",9.7
"Maricopa County, AZ",4013,Black or African American,2054-5,"Bachelor's degree (BA, AB, BS)",10.02
"Maricopa County, AZ",4013,Black or African American,2054-5,Excluded,12.43
"Pima County, AZ",4019,Black or African American,2054-5,Excluded,11.25
"Unidentified Counties, AZ",4999,Black or African American,2054-5,Excluded,9.79
"Pulaski County, AR",5119,Black or African American,2054-5,9th through 12th grade with no diploma,17.68
"Pulaski County, AR",5119,Black or African American,2054-5,High school graduate or GED completed,10.61
"Pulaski County, AR",5119,Black or African American,2054-5,"Some college credit, but not a degree",8.22
"Pulaski County, AR",5119,Black or African American,2054-5,Excluded,13.13
"Unidentified Counties, AR",5999,Black or African American,2054-5,9th through 12th grade with no diploma,11.93
"Unidentified Counties, AR",5999,Black or African American,2054-5,High school graduate or GED completed,12.7
"Unidentified Counties, AR",5999,Black or African American,2054-5,"Some college credit, but not a degree",9.7
"Unidentified Counties, AR",5999,Black or African American,2054-5,"Bachelor's degree (BA, AB, BS)",11.48
"Unidentified Counties, AR",5999,Black or African American,2054-5,Excluded,10.77
"Alameda County, CA",6001,Black or African American,2054-5,9th through 12th grade with no diploma,9.91
"Alameda County, CA",6001,Black or African American,2054-5,High school graduate or GED completed,9.98
"Alameda County, CA",6001,Black or African American,2054-5,"Some college credit, but not a degree",6.46
"Alameda County, CA",6001,Black or African American,2054-5,"Associate degree (AA, AS)",13.32
"Alameda County, CA",6001,Black or African American,2054-5,"Bachelor's degree (BA, AB, BS)",5.48
"Alameda County, CA",6001,Black or African American,2054-5,Unknown/Not on certificate,15.77
"Contra Costa County, CA",6013,Black or African American,2054-5,9th through 12th grade with no diploma,10.27
"Contra Costa County, CA",6013,Black or African American,2054-5,High school graduate or GED completed,9.11
"Contra Costa County, CA",6013,Black or African American,2054-5,"Some college credit, but not a degree",7.86
"Fresno County, CA",6019,Black or African American,2054-5,9th through 12th grade with no diploma,16.5
"Fresno County, CA",6019,Black or African American,2054-5,High school graduate or GED completed,14.8
"Fresno County, CA",6019,Black or African American,2054-5,"Some college credit, but not a degree",16.57
"Fresno County, CA",6019,Black or African American,2054-5,"Associate degree (AA, AS)",19.12
"Fresno County, CA",6019,Black or African American,2054-5,Unknown/Not on certificate,25.88
"Kern County, CA",6029,Black or African American,2054-5,9th through 12th grade with no diploma,19.42
"Kern County, CA",6029,Black or African American,2054-5,High school graduate or GED completed,7.33
"Kern County, CA",6029,Black or African American,2054-5,"Some college credit, but not a degree",8.56
"Los Angeles County, CA",6037,Black or African American,2054-5,9th through 12th grade with no diploma,11.03
"Los Angeles County, CA",6037,Black or African American,2054-5,High school graduate or GED completed,9.72
"Los Angeles County, CA",6037,Black or African American,2054-5,"Some college credit, but not a degree",8.09
"Los Angeles County, CA",6037,Black or African American,2054-5,"Associate degree (AA, AS)",6.96
"Los Angeles County, CA",6037,Black or African American,2054-5,"Bachelor's degree (BA, AB, BS)",7.11
"Los Angeles County, CA",6037,Black or African American,2054-5,"Master's degree (MA, MS)",4.4
"Los Angeles County, CA",6037,Black or African American,2054-5,"Doctorate (PHD, EdD) or Professional Degree (MD, DDS, DVM, LLB, JD)",6.79
"Los Angeles County, CA",6037,Black or African American,2054-5,Unknown/Not on certificate,25.36
"Orange County, CA",6059,Black or African American,2054-5,High school graduate or GED completed,7.7
"Orange County, CA",6059,Black or African American,2054-5,"Some college credit, but not a degree",8.66
"Riverside County, CA",6065,Black or African American,2054-5,9th through 12th grade with no diploma,12.31
"Riverside County, CA",6065,Black or African American,2054-5,High school graduate or GED completed,9.5
"Riverside County, CA",6065,Black or African American,2054-5,"Some college credit, but not a degree",9
"Riverside County, CA",6065,Black or African American,2054-5,"Associate degree (AA, AS)",8.17
"Riverside County, CA",6065,Black or African American,2054-5,"Bachelor's degree (BA, AB, BS)",6.97
"Riverside County, CA",6065,Black or African American,2054-5,Unknown/Not on certificate,22.83
"Sacramento County, CA",6067,Black or African American,2054-5,9th through 12th grade with no diploma,12.63
"Sacramento County, CA",6067,Black or African American,2054-5,High school graduate or GED completed,10.9
"Sacramento County, CA",6067,Black or African American,2054-5,"Some college credit, but not a degree",8.11
"Sacramento County, CA",6067,Black or African American,2054-5,Unknown/Not on certificate,14.07
"San Bernardino County, CA",6071,Black or African American,2054-5,9th through 12th grade with no diploma,10.64
"San Bernardino County, CA",6071,Black or African American,2054-5,High school graduate or GED completed,12.26
"San Bernardino County, CA",6071,Black or African American,2054-5,"Some college credit, but not a degree",11.54
"San Bernardino County, CA",6071,Black or African American,2054-5,"Associate degree (AA, AS)",14.58
"San Bernardino County, CA",6071,Black or African American,2054-5,"Bachelor's degree (BA, AB, BS)",5.28
"San Bernardino County, CA",6071,Black or African American,2054-5,"Master's degree (MA, MS)",10.5
"San Diego County, CA",6073,Black or African American,2054-5,9th through 12th grade with no diploma,4.81
"San Diego County, CA",6073,Black or African American,2054-5,High school graduate or GED completed,9.43
"San Diego County, CA",6073,Black or African American,2054-5,"Some college credit, but not a degree",7.75
"San Diego County, CA",6073,Black or African American,2054-5,"Associate degree (AA, AS)",10.25
"San Diego County, CA",6073,Black or African American,2054-5,"Bachelor's degree (BA, AB, BS)",7.07
"San Diego County, CA",6073,Black or African American,2054-5,Unknown/Not on certificate,12.18
"San Francisco County, CA",6075,Black or African American,2054-5,9th through 12th grade with no diploma,10.48
"San Francisco County, CA",6075,Black or African American,2054-5,High school graduate or GED completed,12.62
"San Francisco County, CA",6075,Black or African American,2054-5,"Some college credit, but not a degree",8.56
"San Francisco County, CA",6075,Black or African American,2054-5,Unknown/Not on certificate,42.02
"San Joaquin County, CA",6077,Black or African American,2054-5,9th through 12th grade with no diploma,13.91
"San Joaquin County, CA",6077,Black or African American,2054-5,High school graduate or GED completed,12.85
"San Joaquin County, CA",6077,Black or African American,2054-5,"Some college credit, but not a degree",13.08
"Santa Clara County, CA",6085,Black or African American,2054-5,"Some college credit, but not a degree",7.78
"Solano County, CA",6095,Black or African American,2054-5,High school graduate or GED completed,10.87
"Solano County, CA",6095,Black or African American,2054-5,"Some college credit, but not a degree",7.76
"Stanislaus County, CA",6099,Black or African American,2054-5,High school graduate or GED completed,14.33
"Unidentified Counties, CA",6999,Black or African American,2054-5,High school graduate or GED completed,6.55
"Unidentified Counties, CA",6999,Black or African American,2054-5,"Some college credit, but not a degree",12.47
"Adams County, CO",8001,Black or African American,2054-5,"Some college credit, but not a degree",19.45
"Arapahoe County, CO",8005,Black or African American,2054-5,9th through 12th grade with no diploma,13.05
"Arapahoe County, CO",8005,Black or African American,2054-5,High school graduate or GED completed,9.25
"Arapahoe County, CO",8005,Black or African American,2054-5,"Some college credit, but not a degree",8.23
"Arapahoe County, CO",8005,Black or African American,2054-5,"Bachelor's degree (BA, AB, BS)",15
"Arapahoe County, CO",8005,Black or African American,2054-5,Excluded,15.34
"Denver County, CO",8031,Black or African American,2054-5,9th through 12th grade with no diploma,10.9
"Denver County, CO",8031,Black or African American,2054-5,High school graduate or GED completed,12.19
"Denver County, CO",8031,Black or African American,2054-5,"Some college credit, but not a degree",7.57
"Denver County, CO",8031,Black or African American,2054-5,Excluded,10.93
"El Paso County, CO",8041,Black or African American,2054-5,High school graduate or GED completed,12.22
"El Paso County, CO",8041,Black or African American,2054-5,"Some college credit, but not a degree",8.35
"Fairfield County, CT",9001,Black or African American,2054-5,Excluded,10.51
"Hartford County, CT",9003,Black or African American,2054-5,Excluded,11.3
"New Haven County, CT",9009,Black or African American,2054-5,Excluded,10.52
"New London County, CT",9011,Black or African American,2054-5,Excluded,10.33
"Unidentified Counties, CT",9999,Black or African American,2054-5,Excluded,9.46
"New Castle County, DE",10003,Black or African American,2054-5,9th through 12th grade with no diploma,14.63
"New Castle County, DE",10003,Black or African American,2054-5,High school graduate or GED completed,17.79
"New Castle County, DE",10003,Black or African American,2054-5,"Some college credit, but not a degree",12.59
"New Castle County, DE",10003,Black or African American,2054-5,"Associate degree (AA, AS)",19.25
"New Castle County, DE",10003,Black or African American,2054-5,"Bachelor's degree (BA, AB, BS)",9.51
"New Castle County, DE",10003,Black or African American,2054-5,"Master's degree (MA, MS)",8.25
"New Castle County, DE",10003,Black or African American,2054-5,Unknown/Not on certificate,48.89
"Unidentified Counties, DE",10999,Black or African American,2054-5,9th through 12th grade with no diploma,8.66
"Unidentified Counties, DE",10999,Black or African American,2054-5,High school graduate or GED completed,10.5
"Unidentified Counties, DE",10999,Black or African American,2054-5,"Some college credit, but not a degree",9.45
"District of Columbia, DC",11001,Black or African American,2054-5,9th through 12th grade with no diploma,9.66
"District of Columbia, DC",11001,Black or African American,2054-5,High school graduate or GED completed,10.74
"District of Columbia, DC",11001,Black or African American,2054-5,"Some college credit, but not a degree",9.59
"District of Columbia, DC",11001,Black or African American,2054-5,"Associate degree (AA, AS)",16.1
"District of Columbia, DC",11001,Black or African American,2054-5,"Bachelor's degree (BA, AB, BS)",10.39
"District of Columbia, DC",11001,Black or African American,2054-5,Unknown/Not on certificate,82.27
"District of Columbia, DC",11001,Black or African American,2054-5,Excluded,14.18
"Brevard County, FL",12009,Black or African American,2054-5,9th through 12th grade with no diploma,18.82
"Brevard County, FL",12009,Black or African American,2054-5,High school graduate or GED completed,10.12
"Brevard County, FL",12009,Black or African American,2054-5,"Some college credit, but not a degree",12.21
"Broward County, FL",12011,Black or African American,2054-5,8th grade or less,11.21
"Broward County, FL",12011,Black or African American,2054-5,9th through 12th grade with no diploma,9.04
"Broward County, FL",12011,Black or African American,2054-5,High school graduate or GED completed,9.07
"Broward County, FL",12011,Black or African American,2054-5,"Some college credit, but not a degree",7.29
"Broward County, FL",12011,Black or African American,2054-5,"Associate degree (AA, AS)",6.68
"Broward County, FL",12011,Black or African American,2054-5,"Bachelor's degree (BA, AB, BS)",6.75
"Broward County, FL",12011,Black or African American,2054-5,"Master's degree (MA, MS)",7.57
"Broward County, FL",12011,Black or African American,2054-5,Unknown/Not on certificate,59.45
"Collier County, FL",12021,Black or African American,2054-5,High school graduate or GED completed,13.22
"Duval County, FL",12031,Black or African American,2054-5,8th grade or less,10.87
"Duval County, FL",12031,Black or African American,2054-5,9th through 12th grade with no diploma,12.93
"Duval County, FL",12031,Black or African American,2054-5,High school graduate or GED completed,11.25
"Duval County, FL",12031,Black or African American,2054-5,"Some college credit, but not a degree",12.73
"Duval County, FL",12031,Black or African American,2054-5,"Associate degree (AA, AS)",7.19
"Duval County, FL",12031,Black or African American,2054-5,"Bachelor's degree (BA, AB, BS)",13.25
"Duval County, FL",12031,Black or African American,2054-5,"Master's degree (MA, MS)",10.29
"Duval County, FL",12031,Black or African American,2054-5,Unknown/Not on certificate,210.14
"Escambia County, FL",12033,Black or African American,2054-5,9th through 12th grade with no diploma,15.23
"Escambia County, FL",12033,Black or African American,2054-5,High school graduate or GED completed,12.4
"Escambia County, FL",12033,Black or African American,2054-5,"Some college credit, but not a degree",11.51
"Hillsborough County, FL",12057,Black or African American,2054-5,8th grade or less,18.55
"Hillsborough County, FL",12057,Black or African American,2054-5,9th through 12th grade with no diploma,16.07
"Hillsborough County, FL",12057,Black or African American,2054-5,High school graduate or GED completed,14.21
"Hillsborough County, FL",12057,Black or African American,2054-5,"Some college credit, but not a degree",14.88
"Hillsborough County, FL",12057,Black or African American,2054-5,"Associate degree (AA, AS)",13.43
"Hillsborough County, FL",12057,Black or African American,2054-5,"Bachelor's degree (BA, AB, BS)",8.8
"Hillsborough County, FL",12057,Black or African American,2054-5,Unknown/Not on certificate,102.47
"Lake County, FL",12069,Black or African American,2054-5,High school graduate or GED completed,20.44
"Lee County, FL",12071,Black or African American,2054-5,9th through 12th grade with no diploma,10.95
"Lee County, FL",12071,Black or African American,2054-5,High school graduate or GED completed,13.99
"Lee County, FL",12071,Black or African American,2054-5,"Some college credit, but not a degree",13.11
"Leon County, FL",12073,Black or African American,2054-5,High school graduate or GED completed,10.34
"Leon County, FL",12073,Black or African American,2054-5,"Some college credit, but not a degree",9.56
"Manatee County, FL",12081,Black or African American,2054-5,9th through 12th grade with no diploma,15.08
"Manatee County, FL",12081,Black or African American,2054-5,High school graduate or GED completed,15.72
"Marion County, FL",12083,Black or African American,2054-5,9th through 12th grade with no diploma,14.42
"Marion County, FL",12083,Black or African American,2054-5,High school graduate or GED completed,16.45
"Marion County, FL",12083,Black or African American,2054-5,"Some college credit, but not a degree",11.18
"Miami-Dade County, FL",12086,Black or African American,2054-5,8th grade or less,15.01
"Miami-Dade County, FL",12086,Black or African American,2054-5,9th through 12th grade with no diploma,11.99
"Miami-Dade County, FL",12086,Black or African American,2054-5,High school graduate or GED completed,9.23
"Miami-Dade County, FL",12086,Black or African American,2054-5,"Some college credit, but not a degree",7.59
"Miami-Dade County, FL",12086,Black or African American,2054-5,"Associate degree (AA, AS)",7.83
"Miami-Dade County, FL",12086,Black or African American,2054-5,"Bachelor's degree (BA, AB, BS)",6.87
"Miami-Dade County, FL",12086,Black or African American,2054-5,"Master's degree (MA, MS)",6.88
"Miami-Dade County, FL",12086,Black or African American,2054-5,Unknown/Not on certificate,85.25
"Orange County, FL",12095,Black or African American,2054-5,9th through 12th grade with no diploma,12.25
"Orange County, FL",12095,Black or African American,2054-5,High school graduate or GED completed,10.92
"Orange County, FL",12095,Black or African American,2054-5,"Some college credit, but not a degree",11.55
"Orange County, FL",12095,Black or African American,2054-5,"Associate degree (AA, AS)",10.75
"Orange County, FL",12095,Black or African American,2054-5,"Bachelor's degree (BA, AB, BS)",8.22
"Orange County, FL",12095,Black or African American,2054-5,"Master's degree (MA, MS)",8.54
"Orange County, FL",12095,Black or African American,2054-5,Unknown/Not on certificate,121.09
"Palm Beach County, FL",12099,Black or African American,2054-5,8th grade or less,8.02
"Palm Beach County, FL",12099,Black or African American,2054-5,9th through 12th grade with no diploma,10.95
"Palm Beach County, FL",12099,Black or African American,2054-5,High school graduate or GED completed,9.73
"Palm Beach County, FL",12099,Black or African American,2054-5,"Some college credit, but not a degree",6.7
"Palm Beach County, FL",12099,Black or African American,2054-5,"Associate degree (AA, AS)",8.1
"Palm Beach County, FL",12099,Black or African American,2054-5,"Bachelor's degree (BA, AB, BS)",5.19
"Palm Beach County, FL",12099,Black or African American,2054-5,Unknown/Not on certificate,31.25
"Pasco County, FL",12101,Black or African American,2054-5,High school graduate or GED completed,9.98
"Pinellas County, FL",12103,Black or African American,2054-5,9th through 12th grade with no diploma,15.51
"Pinellas County, FL",12103,Black or African American,2054-5,High school graduate or GED completed,12.66
"Pinellas County, FL",12103,Black or African American,2054-5,"Some college credit, but not a degree",12.39
"Pinellas County, FL",12103,Black or African American,2054-5,"Associate degree (AA, AS)",14.1
"Pinellas County, FL",12103,Black or African American,2054-5,Unknown/Not on certificate,53.25
"Polk County, FL",12105,Black or African American,2054-5,9th through 12th grade with no diploma,10.1
"Polk County, FL",12105,Black or African American,2054-5,High school graduate or GED completed,12.75
"Polk County, FL",12105,Black or African American,2054-5,"Some college credit, but not a degree",11.92
"Polk County, FL",12105,Black or African American,2054-5,"Associate degree (AA, AS)",10.81
"Polk County, FL",12105,Black or African American,2054-5,Unknown/Not on certificate,200
"St. Lucie County, FL",12111,Black or African American,2054-5,High school graduate or GED completed,9.69
"Sarasota County, FL",12115,Black or African American,2054-5,High school graduate or GED completed,7.3
"Seminole County, FL",12117,Black or African American,2054-5,9th through 12th grade with no diploma,21.2
"Seminole County, FL",12117,Black or African American,2054-5,High school graduate or GED completed,11.05
"Seminole County, FL",12117,Black or African American,2054-5,"Some college credit, but not a degree",7.58
"Seminole County, FL",12117,Black or African American,2054-5,"Bachelor's degree (BA, AB, BS)",12.4
"Volusia County, FL",12127,Black or African American,2054-5,9th through 12th grade with no diploma,12.77
"Volusia County, FL",12127,Black or African American,2054-5,High school graduate or GED completed,13.17
"Volusia County, FL",12127,Black or African American,2054-5,"Some college credit, but not a degree",10
"Unidentified Counties, FL",12999,Black or African American,2054-5,8th grade or less,15.52
"Unidentified Counties, FL",12999,Black or African American,2054-5,9th through 12th grade with no diploma,14.18
"Unidentified Counties, FL",12999,Black or African American,2054-5,High school graduate or GED completed,12.1
"Unidentified Counties, FL",12999,Black or African American,2054-5,"Some college credit, but not a degree",11.23
"Unidentified Counties, FL",12999,Black or African American,2054-5,"Associate degree (AA, AS)",11.41
"Unidentified Counties, FL",12999,Black or African American,2054-5,"Bachelor's degree (BA, AB, BS)",9.65
"Unidentified Counties, FL",12999,Black or African American,2054-5,"Master's degree (MA, MS)",8.98
"Unidentified Counties, FL",12999,Black or African American,2054-5,Unknown/Not on certificate,37.29
"Chatham County, GA",13051,Black or African American,2054-5,9th through 12th grade with no diploma,17.62
"Chatham County, GA",13051,Black or African American,2054-5,High school graduate or GED completed,12.99
"Chatham County, GA",13051,Black or African American,2054-5,"Some college credit, but not a degree",9.74
"Clayton County, GA",13063,Black or African American,2054-5,High school graduate or GED completed,13.81
"Clayton County, GA",13063,Black or African American,2054-5,"Some college credit, but not a degree",8.08
"Cobb County, GA",13067,Black or African American,2054-5,9th through 12th grade with no diploma,13.52
"Cobb County, GA",13067,Black or African American,2054-5,High school graduate or GED completed,10.39
"Cobb County, GA",13067,Black or African American,2054-5,"Some college credit, but not a degree",9.39
"Cobb County, GA",13067,Black or African American,2054-5,"Bachelor's degree (BA, AB, BS)",9.23
"Cobb County, GA",13067,Black or African American,2054-5,"Master's degree (MA, MS)",7.54
"Cobb County, GA",13067,Black or African American,2054-5,Unknown/Not on certificate,22.29
"Cobb County, GA",13067,Black or African American,2054-5,Excluded,11.92
"DeKalb County, GA",13089,Black or African American,2054-5,9th through 12th grade with no diploma,9.51
"DeKalb County, GA",13089,Black or African American,2054-5,High school graduate or GED completed,10.03
"DeKalb County, GA",13089,Black or African American,2054-5,"Some college credit, but not a degree",7.61
"DeKalb County, GA",13089,Black or African American,2054-5,"Associate degree (AA, AS)",7.69
"DeKalb County, GA",13089,Black or African American,2054-5,"Bachelor's degree (BA, AB, BS)",7.69
"DeKalb County, GA",13089,Black or African American,2054-5,"Master's degree (MA, MS)",6.53
"DeKalb County, GA",13089,Black or African American,2054-5,Unknown/Not on certificate,26.14
"DeKalb County, GA",13089,Black or African American,2054-5,Excluded,10.28
"Fulton County, GA",13121,Black or African American,2054-5,8th grade or less,12.73
"Fulton County, GA",13121,Black or African American,2054-5,9th through 12th grade with no diploma,10.37
"Fulton County, GA",13121,Black or African American,2054-5,High school graduate or GED completed,9.29
"Fulton County, GA",13121,Black or African American,2054-5,"Some college credit, but not a degree",9.08
"Fulton County, GA",13121,Black or African American,2054-5,"Associate degree (AA, AS)",9.21
"Fulton County, GA",13121,Black or African American,2054-5,"Bachelor's degree (BA, AB, BS)",7.08
"Fulton County, GA",13121,Black or African American,2054-5,"Master's degree (MA, MS)",7.25
"Fulton County, GA",13121,Black or African American,2054-5,Unknown/Not on certificate,16.29
"Fulton County, GA",13121,Black or African American,2054-5,Excluded,12.41
"Gwinnett County, GA",13135,Black or African American,2054-5,9th through 12th grade with no diploma,8.14
"Gwinnett County, GA",13135,Black or African American,2054-5,High school graduate or GED completed,9.68
"Gwinnett County, GA",13135,Black or African American,2054-5,"Some college credit, but not a degree",8.82
"Gwinnett County, GA",13135,Black or African American,2054-5,"Associate degree (AA, AS)",6.78
"Gwinnett County, GA",13135,Black or African American,2054-5,"Bachelor's degree (BA, AB, BS)",7.5
"Gwinnett County, GA",13135,Black or African American,2054-5,"Master's degree (MA, MS)",6.14
"Gwinnett County, GA",13135,Black or African American,2054-5,Unknown/Not on certificate,27.69
"Gwinnett County, GA",13135,Black or African American,2054-5,Excluded,10.08
"Unidentified Counties, GA",13999,Black or African American,2054-5,8th grade or less,10.78
"Unidentified Counties, GA",13999,Black or African American,2054-5,9th through 12th grade with no diploma,12.5
"Unidentified Counties, GA",13999,Black or African American,2054-5,High school graduate or GED completed,11.67
"Unidentified Counties, GA",13999,Black or African American,2054-5,"Some college credit, but not a degree",10.18
"Unidentified Counties, GA",13999,Black or African American,2054-5,"Associate degree (AA, AS)",10.92
"Unidentified Counties, GA",13999,Black or African American,2054-5,"Bachelor's degree (BA, AB, BS)",9.64
"Unidentified Counties, GA",13999,Black or African American,2054-5,"Master's degree (MA, MS)",9.26
"Unidentified Counties, GA",13999,Black or African American,2054-5,Unknown/Not on certificate,26.31
"Unidentified Counties, GA",13999,Black or African American,2054-5,Excluded,13.06
"Honolulu County, HI",15003,Black or African American,2054-5,Excluded,13.32
"Cook County, IL",17031,Black or African American,2054-5,8th grade or less,14.66
"Cook County, IL",17031,Black or African American,2054-5,9th through 12th grade with no diploma,14.12
"Cook County, IL",17031,Black or African American,2054-5,High school graduate or GED completed,13.39
"Cook County, IL",17031,Black or African American,2054-5,"Some college credit, but not a degree",10.6
"Cook County, IL",17031,Black or African American,2054-5,"Associate degree (AA, AS)",12.51
"Cook County, IL",17031,Black or African American,2054-5,"Bachelor's degree (BA, AB, BS)",11.36
"Cook County, IL",17031,Black or African American,2054-5,"Master's degree (MA, MS)",10.39
"Cook County, IL",17031,Black or African American,2054-5,Unknown/Not on certificate,32.6
"Cook County, IL",17031,Black or African American,2054-5,Excluded,13.48
"DuPage County, IL",17043,Black or African American,2054-5,"Some college credit, but not a degree",8.44
"DuPage County, IL",17043,Black or African American,2054-5,Excluded,16.13
"Kane County, IL",17089,Black or African American,2054-5,9th through 12th grade with no diploma,22.88
"Kane County, IL",17089,Black or African American,2054-5,High school graduate or GED completed,11.96
"Kane County, IL",17089,Black or African American,2054-5,Excluded,7.7
"Lake County, IL",17097,Black or African American,2054-5,9th through 12th grade with no diploma,15.87
"Lake County, IL",17097,Black or African American,2054-5,High school graduate or GED completed,16.83
"Lake County, IL",17097,Black or African American,2054-5,"Some college credit, but not a degree",10.2
"Lake County, IL",17097,Black or African American,2054-5,Excluded,9.5
"Madison County, IL",17119,Black or African American,2054-5,9th through 12th grade with no diploma,27.33
"Madison County, IL",17119,Black or African American,2054-5,"Some college credit, but not a degree",14.29
"Madison County, IL",17119,Black or African American,2054-5,Excluded,12.96
"St. Clair County, IL",17163,Black or African American,2054-5,9th through 12th grade with no diploma,14.81
"St. Clair County, IL",17163,Black or African American,2054-5,High school graduate or GED completed,9.14
"St. Clair County, IL",17163,Black or African American,2054-5,"Some college credit, but not a degree",13.54
"St. Clair County, IL",17163,Black or African American,2054-5,Excluded,11.31
"Will County, IL",17197,Black or African American,2054-5,High school graduate or GED completed,12.94
"Will County, IL",17197,Black or African American,2054-5,"Some college credit, but not a degree",10.66
"Will County, IL",17197,Black or African American,2054-5,Excluded,13.65
"Winnebago County, IL",17201,Black or African American,2054-5,9th through 12th grade with no diploma,12.24
"Winnebago County, IL",17201,Black or African American,2054-5,High school graduate or GED completed,11.84
"Winnebago County, IL",17201,Black or African American,2054-5,Excluded,15.6
"Unidentified Counties, IL",17999,Black or African American,2054-5,9th through 12th grade with no diploma,17.23
"Unidentified Counties, IL",17999,Black or African American,2054-5,High school graduate or GED completed,13.89
"Unidentified Counties, IL",17999,Black or African American,2054-5,"Some college credit, but not a degree",13.03
"Unidentified Counties, IL",17999,Black or African American,2054-5,"Bachelor's degree (BA, AB, BS)",9.91
"Unidentified Counties, IL",17999,Black or African American,2054-5,"Master's degree (MA, MS)",17.43
"Unidentified Counties, IL",17999,Black or African American,2054-5,Excluded,14.68
"Allen County, IN",18003,Black or African American,2054-5,9th through 12th grade with no diploma,17.8
"Allen County, IN",18003,Black or African American,2054-5,High school graduate or GED completed,20.07
"Allen County, IN",18003,Black or African American,2054-5,"Some college credit, but not a degree",18.47
"Allen County, IN",18003,Black or African American,2054-5,Excluded,16.76
"Lake County, IN",18089,Black or African American,2054-5,9th through 12th grade with no diploma,11.75
"Lake County, IN",18089,Black or African American,2054-5,High school graduate or GED completed,13.44
"Lake County, IN",18089,Black or African American,2054-5,"Some college credit, but not a degree",11.66
"Lake County, IN",18089,Black or African American,2054-5,"Associate degree (AA, AS)",13.21
"Lake County, IN",18089,Black or African American,2054-5,"Bachelor's degree (BA, AB, BS)",10.36
"Lake County, IN",18089,Black or African American,2054-5,Unknown/Not on certificate,45.28
"Lake County, IN",18089,Black or African American,2054-5,Excluded,12.48
"Marion County, IN",18097,Black or African American,2054-5,9th through 12th grade with no diploma,12.8
"Marion County, IN",18097,Black or African American,2054-5,High school graduate or GED completed,14.52
"Marion County, IN",18097,Black or African American,2054-5,"Some college credit, but not a degree",12.06
"Marion County, IN",18097,Black or African American,2054-5,"Associate degree (AA, AS)",11.42
"Marion County, IN",18097,Black or African American,2054-5,"Bachelor's degree (BA, AB, BS)",12.4
"Marion County, IN",18097,Black or African American,2054-5,Excluded,14.95
"St. Joseph County, IN",18141,Black or African American,2054-5,9th through 12th grade with no diploma,15.16
"St. Joseph County, IN",18141,Black or African American,2054-5,High school graduate or GED completed,18.98
"St. Joseph County, IN",18141,Black or African American,2054-5,"Some college credit, but not a degree",12.22
"St. Joseph County, IN",18141,Black or African American,2054-5,Excluded,22.19
"Unidentified Counties, IN",18999,Black or African American,2054-5,9th through 12th grade with no diploma,13.18
"Unidentified Counties, IN",18999,Black or African American,2054-5,High school graduate or GED completed,15.98
"Unidentified Counties, IN",18999,Black or African American,2054-5,"Some college credit, but not a degree",8.3
"Unidentified Counties, IN",18999,Black or African American,2054-5,"Bachelor's degree (BA, AB, BS)",9.15
"Unidentified Counties, IN",18999,Black or African American,2054-5,Excluded,15.68
"Polk County, IA",19153,Black or African American,2054-5,9th through 12th grade with no diploma,9.57
"Polk County, IA",19153,Black or African American,2054-5,High school graduate or GED completed,16.01
"Polk County, IA",19153,Black or African American,2054-5,"Some college credit, but not a degree",7.52
"Polk County, IA",19153,Black or African American,2054-5,Excluded,17.18
"Unidentified Counties, IA",19999,Black or African American,2054-5,9th through 12th grade with no diploma,12.67
"Unidentified Counties, IA",19999,Black or African American,2054-5,High school graduate or GED completed,10.22
"Unidentified Counties, IA",19999,Black or African American,2054-5,"Some college credit, but not a degree",9.2
"Unidentified Counties, IA",19999,Black or African American,2054-5,Excluded,9.86
"Johnson County, KS",20091,Black or African American,2054-5,High school graduate or GED completed,15.48
"Johnson County, KS",20091,Black or African American,2054-5,"Some college credit, but not a degree",12.58
"Sedgwick County, KS",20173,Black or African American,2054-5,9th through 12th grade with no diploma,18.92
"Sedgwick County, KS",20173,Black or African American,2054-5,High school graduate or GED completed,14.96
"Sedgwick County, KS",20173,Black or African American,2054-5,"Some college credit, but not a degree",12.87
"Sedgwick County, KS",20173,Black or African American,2054-5,"Associate degree (AA, AS)",33.51
"Unidentified Counties, KS",20999,Black or African American,2054-5,9th through 12th grade with no diploma,13.39
"Unidentified Counties, KS",20999,Black or African American,2054-5,High school graduate or GED completed,13.54
"Unidentified Counties, KS",20999,Black or African American,2054-5,"Some college credit, but not a degree",10.4
"Unidentified Counties, KS",20999,Black or African American,2054-5,"Associate degree (AA, AS)",13.7
"Fayette County, KY",21067,Black or African American,2054-5,9th through 12th grade with no diploma,10.95
"Fayette County, KY",21067,Black or African American,2054-5,High school graduate or GED completed,8.4
"Fayette County, KY",21067,Black or African American,2054-5,"Some college credit, but not a degree",12.46
"Jefferson County, KY",21111,Black or African American,2054-5,9th through 12th grade with no diploma,12.27
"Jefferson County, KY",21111,Black or African American,2054-5,High school graduate or GED completed,11.29
"Jefferson County, KY",21111,Black or African American,2054-5,"Some college credit, but not a degree",9.73
"Jefferson County, KY",21111,Black or African American,2054-5,"Associate degree (AA, AS)",9.09
"Jefferson County, KY",21111,Black or African American,2054-5,"Bachelor's degree (BA, AB, BS)",6.33
"Unidentified Counties, KY",21999,Black or African American,2054-5,9th through 12th grade with no diploma,10.41
"Unidentified Counties, KY",21999,Black or African American,2054-5,High school graduate or GED completed,13.41
"Unidentified Counties, KY",21999,Black or African American,2054-5,"Some college credit, but not a degree",10.5
"Unidentified Counties, KY",21999,Black or African American,2054-5,"Associate degree (AA, AS)",14.05
"Unidentified Counties, KY",21999,Black or African American,2054-5,"Bachelor's degree (BA, AB, BS)",7.07
"Caddo Parish, LA",22017,Black or African American,2054-5,9th through 12th grade with no diploma,18.25
"Caddo Parish, LA",22017,Black or African American,2054-5,High school graduate or GED completed,14.4
"Caddo Parish, LA",22017,Black or African American,2054-5,"Some college credit, but not a degree",15.52
"Caddo Parish, LA",22017,Black or African American,2054-5,Excluded,18.83
"East Baton Rouge Parish, LA",22033,Black or African American,2054-5,8th grade or less,16.23
"East Baton Rouge Parish, LA",22033,Black or African American,2054-5,9th through 12th grade with no diploma,19.02
"East Baton Rouge Parish, LA",22033,Black or African American,2054-5,High school graduate or GED completed,15.11
"East Baton Rouge Parish, LA",22033,Black or African American,2054-5,"Some college credit, but not a degree",15.31
"East Baton Rouge Parish, LA",22033,Black or African American,2054-5,"Bachelor's degree (BA, AB, BS)",10.75
"East Baton Rouge Parish, LA",22033,Black or African American,2054-5,"Master's degree (MA, MS)",19.15
"East Baton Rouge Parish, LA",22033,Black or African American,2054-5,Excluded,14.17
"Jefferson Parish, LA",22051,Black or African American,2054-5,9th through 12th grade with no diploma,11.72
"Jefferson Parish, LA",22051,Black or African American,2054-5,High school graduate or GED completed,9.63
"Jefferson Parish, LA",22051,Black or African American,2054-5,"Some college credit, but not a degree",8.88
"Jefferson Parish, LA",22051,Black or African American,2054-5,"Bachelor's degree (BA, AB, BS)",12.78
"Jefferson Parish, LA",22051,Black or African American,2054-5,Excluded,9.98
"Orleans Parish, LA",22071,Black or African American,2054-5,9th through 12th grade with no diploma,9.78
"Orleans Parish, LA",22071,Black or African American,2054-5,High school graduate or GED completed,9.92
"Orleans Parish, LA",22071,Black or African American,2054-5,"Some college credit, but not a degree",6.87
"Orleans Parish, LA",22071,Black or African American,2054-5,Excluded,10.32
"Unidentified Counties, LA",22999,Black or African American,2054-5,8th grade or less,9.52
"Unidentified Counties, LA",22999,Black or African American,2054-5,9th through 12th grade with no diploma,11.58
"Unidentified Counties, LA",22999,Black or African American,2054-5,High school graduate or GED completed,11.76
"Unidentified Counties, LA",22999,Black or African American,2054-5,"Some college credit, but not a degree",9.27
"Unidentified Counties, LA",22999,Black or African American,2054-5,"Associate degree (AA, AS)",10.76
"Unidentified Counties, LA",22999,Black or African American,2054-5,"Bachelor's degree (BA, AB, BS)",7.49
"Unidentified Counties, LA",22999,Black or African American,2054-5,"Master's degree (MA, MS)",12.01
"Unidentified Counties, LA",22999,Black or African American,2054-5,Unknown/Not on certificate,23.35
"Unidentified Counties, LA",22999,Black or African American,2054-5,Excluded,11.37
"Cumberland County, ME",23005,Black or African American,2054-5,Excluded,9.7
"Unidentified Counties, ME",23999,Black or African American,2054-5,Excluded,10.33
"Anne Arundel County, MD",24003,Black or African American,2054-5,"Some college credit, but not a degree",10.43
"Anne Arundel County, MD",24003,Black or African American,2054-5,"Bachelor's degree (BA, AB, BS)",8.93
"Anne Arundel County, MD",24003,Black or African American,2054-5,Excluded,10.5
"Baltimore County, MD",24005,Black or African American,2054-5,9th through 12th grade with no diploma,13.34
"Baltimore County, MD",24005,Black or African American,2054-5,High school graduate or GED completed,9.96
"Baltimore County, MD",24005,Black or African American,2054-5,"Some college credit, but not a degree",9.67
"Baltimore County, MD",24005,Black or African American,2054-5,"Associate degree (AA, AS)",13.54
"Baltimore County, MD",24005,Black or African American,2054-5,"Bachelor's degree (BA, AB, BS)",7.73
"Baltimore County, MD",24005,Black or African American,2054-5,"Master's degree (MA, MS)",7.37
"Baltimore County, MD",24005,Black or African American,2054-5,Unknown/Not on certificate,124.09
"Baltimore County, MD",24005,Black or African American,2054-5,Excluded,12.37
"Montgomery County, MD",24031,Black or African American,2054-5,9th through 12th grade with no diploma,10.15
"Montgomery County, MD",24031,Black or African American,2054-5,High school graduate or GED completed,11.33
"Montgomery County, MD",24031,Black or African American,2054-5,"Some college credit, but not a degree",7.99
"Montgomery County, MD",24031,Black or African American,2054-5,"Associate degree (AA, AS)",8.03
"Montgomery County, MD",24031,Black or African American,2054-5,"Bachelor's degree (BA, AB, BS)",8.29
"Montgomery County, MD",24031,Black or African American,2054-5,"Master's degree (MA, MS)",7.67
"Montgomery County, MD",24031,Black or African American,2054-5,Unknown/Not on certificate,48.31
"Montgomery County, MD",24031,Black or African American,2054-5,Excluded,9.39
"Prince George's County, MD",24033,Black or African American,2054-5,9th through 12th grade with no diploma,12.73
"Prince George's County, MD",24033,Black or African American,2054-5,High school graduate or GED completed,11.08
"Prince George's County, MD",24033,Black or African American,2054-5,"Some college credit, but not a degree",9.69
"Prince George's County, MD",24033,Black or African American,2054-5,"Associate degree (AA, AS)",7.63
"Prince George's County, MD",24033,Black or African American,2054-5,"Bachelor's degree (BA, AB, BS)",8.12
"Prince George's County, MD",24033,Black or African American,2054-5,"Master's degree (MA, MS)",7.42
"Prince George's County, MD",24033,Black or African American,2054-5,Unknown/Not on certificate,46.36
"Prince George's County, MD",24033,Black or African American,2054-5,Excluded,12.38
"Baltimore city, MD",24510,Black or African American,2054-5,9th through 12th grade with no diploma,10.04
"Baltimore city, MD",24510,Black or African American,2054-5,High school graduate or GED completed,13.89
"Baltimore city, MD",24510,Black or African American,2054-5,"Some college credit, but not a degree",8.81
"Baltimore city, MD",24510,Black or African American,2054-5,"Associate degree (AA, AS)",9.55
"Baltimore city, MD",24510,Black or African American,2054-5,"Bachelor's degree (BA, AB, BS)",8.23
"Baltimore city, MD",24510,Black or African American,2054-5,"Master's degree (MA, MS)",11.55
"Baltimore city, MD",24510,Black or African American,2054-5,Unknown/Not on certificate,218.54
"Baltimore city, MD",24510,Black or African American,2054-5,Excluded,15.78
"Unidentified Counties, MD",24999,Black or African American,2054-5,9th through 12th grade with no diploma,11.92
"Unidentified Counties, MD",24999,Black or African American,2054-5,High school graduate or GED completed,14.3
"Unidentified Counties, MD",24999,Black or African American,2054-5,"Some college credit, but not a degree",11.55
"Unidentified Counties, MD",24999,Black or African American,2054-5,"Associate degree (AA, AS)",9.7
"Unidentified Counties, MD",24999,Black or African American,2054-5,"Bachelor's degree (BA, AB, BS)",9.5
"Unidentified Counties, MD",24999,Black or African American,2054-5,"Master's degree (MA, MS)",6.21
"Unidentified Counties, MD",24999,Black or African American,2054-5,Unknown/Not on certificate,71.01
"Unidentified Counties, MD",24999,Black or African American,2054-5,Excluded,11.81
"Bristol County, MA",25005,Black or African American,2054-5,Excluded,11.54
"Essex County, MA",25009,Black or African American,2054-5,Excluded,6.49
"Hampden County, MA",25013,Black or African American,2054-5,Excluded,9.59
"Middlesex County, MA",25017,Black or African American,2054-5,"Some college credit, but not a degree",6.9
"Middlesex County, MA",25017,Black or African American,2054-5,Excluded,7.4
"Norfolk County, MA",25021,Black or African American,2054-5,Excluded,5.49
"Plymouth County, MA",25023,Black or African American,2054-5,Excluded,7.83
"Suffolk County, MA",25025,Black or African American,2054-5,9th through 12th grade with no diploma,6.52
"Suffolk County, MA",25025,Black or African American,2054-5,High school graduate or GED completed,9.74
"Suffolk County, MA",25025,Black or African American,2054-5,"Some college credit, but not a degree",7.35
"Suffolk County, MA",25025,Black or African American,2054-5,"Bachelor's degree (BA, AB, BS)",8.41
"Suffolk County, MA",25025,Black or African American,2054-5,Excluded,7.57
"Worcester County, MA",25027,Black or African American,2054-5,"Some college credit, but not a degree",11.78
"Worcester County, MA",25027,Black or African American,2054-5,Excluded,9.17
"Unidentified Counties, MA",25999,Black or African American,2054-5,Excluded,9.15
"Genesee County, MI",26049,Black or African American,2054-5,9th through 12th grade with no diploma,16.27
"Genesee County, MI",26049,Black or African American,2054-5,High school graduate or GED completed,12.03
"Genesee County, MI",26049,Black or African American,2054-5,"Some college credit, but not a degree",14.97
"Genesee County, MI",26049,Black or African American,2054-5,Excluded,14.58
"Ingham County, MI",26065,Black or African American,2054-5,High school graduate or GED completed,12.56
"Ingham County, MI",26065,Black or African American,2054-5,"Some college credit, but not a degree",9.83
"Ingham County, MI",26065,Black or African American,2054-5,Excluded,12.71
"Kent County, MI",26081,Black or African American,2054-5,9th through 12th grade with no diploma,13.43
"Kent County, MI",26081,Black or African American,2054-5,High school graduate or GED completed,11.9
"Kent County, MI",26081,Black or African American,2054-5,"Some college credit, but not a degree",13.86
"Kent County, MI",26081,Black or African American,2054-5,Excluded,10.97
"Macomb County, MI",26099,Black or African American,2054-5,9th through 12th grade with no diploma,15.07
"Macomb County, MI",26099,Black or African American,2054-5,High school graduate or GED completed,7.75
"Macomb County, MI",26099,Black or African American,2054-5,"Some college credit, but not a degree",8.2
"Macomb County, MI",26099,Black or African American,2054-5,"Associate degree (AA, AS)",17.14
"Macomb County, MI",26099,Black or African American,2054-5,Unknown/Not on certificate,32.84
"Macomb County, MI",26099,Black or African American,2054-5,Excluded,11.88
"Oakland County, MI",26125,Black or African American,2054-5,9th through 12th grade with no diploma,10.01
"Oakland County, MI",26125,Black or African American,2054-5,High school graduate or GED completed,14.68
"Oakland County, MI",26125,Black or African American,2054-5,"Some college credit, but not a degree",13.12
"Oakland County, MI",26125,Black or African American,2054-5,"Associate degree (AA, AS)",11.5
"Oakland County, MI",26125,Black or African American,2054-5,"Bachelor's degree (BA, AB, BS)",8.19
"Oakland County, MI",26125,Black or African American,2054-5,Excluded,13.93
"Washtenaw County, MI",26161,Black or African American,2054-5,High school graduate or GED completed,15.37
"Washtenaw County, MI",26161,Black or African American,2054-5,"Some college credit, but not a degree",9.18
"Washtenaw County, MI",26161,Black or African American,2054-5,Excluded,13.95
"Wayne County, MI",26163,Black or African American,2054-5,9th through 12th grade with no diploma,15.13
"Wayne County, MI",26163,Black or African American,2054-5,High school graduate or GED completed,12.57
"Wayne County, MI",26163,Black or African American,2054-5,"Some college credit, but not a degree",13.64
"Wayne County, MI",26163,Black or African American,2054-5,"Associate degree (AA, AS)",9.29
"Wayne County, MI",26163,Black or African American,2054-5,"Bachelor's degree (BA, AB, BS)",7.48
"Wayne County, MI",26163,Black or African American,2054-5,Unknown/Not on certificate,40.08
"Wayne County, MI",26163,Black or African American,2054-5,Excluded,15.63
"Unidentified Counties, MI",26999,Black or African American,2054-5,9th through 12th grade with no diploma,16.92
"Unidentified Counties, MI",26999,Black or African American,2054-5,High school graduate or GED completed,15.29
"Unidentified Counties, MI",26999,Black or African American,2054-5,"Some college credit, but not a degree",12.1
"Unidentified Counties, MI",26999,Black or African American,2054-5,Excluded,15.25
"Anoka County, MN",27003,Black or African American,2054-5,Excluded,8.75
"Dakota County, MN",27037,Black or African American,2054-5,Excluded,6.28
"Hennepin County, MN",27053,Black or African American,2054-5,9th through 12th grade with no diploma,14.42
"Hennepin County, MN",27053,Black or African American,2054-5,High school graduate or GED completed,11.1
"Hennepin County, MN",27053,Black or African American,2054-5,"Some college credit, but not a degree",6.71
"Hennepin County, MN",27053,Black or African American,2054-5,"Associate degree (AA, AS)",8.9
"Hennepin County, MN",27053,Black or African American,2054-5,Unknown/Not on certificate,24.63
"Hennepin County, MN",27053,Black or African American,2054-5,Excluded,9.63
"Ramsey County, MN",27123,Black or African American,2054-5,9th through 12th grade with no diploma,15.35
"Ramsey County, MN",27123,Black or African American,2054-5,High school graduate or GED completed,10.88
"Ramsey County, MN",27123,Black or African American,2054-5,"Some college credit, but not a degree",8.15
"Ramsey County, MN",27123,Black or African American,2054-5,Excluded,10.31
"Unidentified Counties, MN",27999,Black or African American,2054-5,8th grade or less,7.36
"Unidentified Counties, MN",27999,Black or African American,2054-5,High school graduate or GED completed,13.43
"Unidentified Counties, MN",27999,Black or African American,2054-5,"Some college credit, but not a degree",9.32
"Unidentified Counties, MN",27999,Black or African American,2054-5,Excluded,9.32
"Hinds County, MS",28049,Black or African American,2054-5,Excluded,12.55
"Unidentified Counties, MS",28999,Black or African American,2054-5,8th grade or less,12.49
"Unidentified Counties, MS",28999,Black or African American,2054-5,9th through 12th grade with no diploma,11.29
"Unidentified Counties, MS",28999,Black or African American,2054-5,High school graduate or GED completed,12.78
"Unidentified Counties, MS",28999,Black or African American,2054-5,"Some college credit, but not a degree",10.8
"Unidentified Counties, MS",28999,Black or African American,2054-5,"Associate degree (AA, AS)",10.07
"Unidentified Counties, MS",28999,Black or African American,2054-5,"Bachelor's degree (BA, AB, BS)",8.18
"Unidentified Counties, MS",28999,Black or African American,2054-5,"Master's degree (MA, MS)",8.9
"Unidentified Counties, MS",28999,Black or African American,2054-5,Unknown/Not on certificate,178.57
"Unidentified Counties, MS",28999,Black or African American,2054-5,Excluded,13.15
"Jackson County, MO",29095,Black or African American,2054-5,9th through 12th grade with no diploma,10.42
"Jackson County, MO",29095,Black or African American,2054-5,High school graduate or GED completed,10.65
"Jackson County, MO",29095,Black or African American,2054-5,"Some college credit, but not a degree",9.6
"Jackson County, MO",29095,Black or African American,2054-5,Excluded,11.52
"St. Louis County, MO",29189,Black or African American,2054-5,9th through 12th grade with no diploma,12.86
"St. Louis County, MO",29189,Black or African American,2054-5,High school graduate or GED completed,12.27
"St. Louis County, MO",29189,Black or African American,2054-5,"Some college credit, but not a degree",12.03
"St. Louis County, MO",29189,Black or African American,2054-5,"Associate degree (AA, AS)",12.32
"St. Louis County, MO",29189,Black or African American,2054-5,"Bachelor's degree (BA, AB, BS)",9.11
"St. Louis County, MO",29189,Black or African American,2054-5,Excluded,14.93
"St. Louis city, MO",29510,Black or African American,2054-5,9th through 12th grade with no diploma,12.72
"St. Louis city, MO",29510,Black or African American,2054-5,High school graduate or GED completed,12.22
"St. Louis city, MO",29510,Black or African American,2054-5,"Some college credit, but not a degree",14.08
"St. Louis city, MO",29510,Black or African American,2054-5,Excluded,14.24
"Unidentified Counties, MO",29999,Black or African American,2054-5,9th through 12th grade with no diploma,16.67
"Unidentified Counties, MO",29999,Black or African American,2054-5,High school graduate or GED completed,11.63
"Unidentified Counties, MO",29999,Black or African American,2054-5,"Some college credit, but not a degree",9.6
"Unidentified Counties, MO",29999,Black or African American,2054-5,Excluded,12.66
"Douglas County, NE",31055,Black or African American,2054-5,9th through 12th grade with no diploma,13.96
"Douglas County, NE",31055,Black or African American,2054-5,High school graduate or GED completed,12.87
"Douglas County, NE",31055,Black or African American,2054-5,"Some college credit, but not a degree",11.5
"Douglas County, NE",31055,Black or African American,2054-5,"Associate degree (AA, AS)",16.52
"Unidentified Counties, NE",31999,Black or African American,2054-5,9th through 12th grade with no diploma,15.17
"Clark County, NV",32003,Black or African American,2054-5,9th through 12th grade with no diploma,10.21
"Clark County, NV",32003,Black or African American,2054-5,High school graduate or GED completed,7.79
"Clark County, NV",32003,Black or African American,2054-5,"Some college credit, but not a degree",9.65
"Clark County, NV",32003,Black or African American,2054-5,"Bachelor's degree (BA, AB, BS)",13.15
"Clark County, NV",32003,Black or African American,2054-5,Excluded,10.27
"Washoe County, NV",32031,Black or African American,2054-5,Excluded,14.29
"Atlantic County, NJ",34001,Black or African American,2054-5,Excluded,16.35
"Bergen County, NJ",34003,Black or African American,2054-5,Excluded,6.38
"Burlington County, NJ",34005,Black or African American,2054-5,Excluded,10.17
"Camden County, NJ",34007,Black or African American,2054-5,Excluded,14.94
"Essex County, NJ",34013,Black or African American,2054-5,Excluded,10.04
"Gloucester County, NJ",34015,Black or African American,2054-5,Excluded,14.51
"Hudson County, NJ",34017,Black or African American,2054-5,Excluded,7.49
"Mercer County, NJ",34021,Black or African American,2054-5,Excluded,15.77
"Middlesex County, NJ",34023,Black or African American,2054-5,Excluded,6.66
"Monmouth County, NJ",34025,Black or African American,2054-5,Excluded,9.05
"Morris County, NJ",34027,Black or African American,2054-5,Excluded,9.55
"Ocean County, NJ",34029,Black or African American,2054-5,Excluded,9.24
"Passaic County, NJ",34031,Black or African American,2054-5,Excluded,6.3
"Somerset County, NJ",34035,Black or African American,2054-5,Excluded,7.38
"Union County, NJ",34039,Black or African American,2054-5,Excluded,7.76
"Unidentified Counties, NJ",34999,Black or African American,2054-5,Excluded,12.05
"Unidentified Counties, NM",35999,Black or African American,2054-5,"Some college credit, but not a degree",14.87
"Albany County, NY",36001,Black or African American,2054-5,9th through 12th grade with no diploma,15.77
"Albany County, NY",36001,Black or African American,2054-5,High school graduate or GED completed,17.97
"Albany County, NY",36001,Black or African American,2054-5,"Some college credit, but not a degree",13.98
"Albany County, NY",36001,Black or African American,2054-5,"Associate degree (AA, AS)",14.66
"Bronx County, NY",36005,Black or African American,2054-5,8th grade or less,9.17
"Bronx County, NY",36005,Black or African American,2054-5,9th through 12th grade with no diploma,8.35
"Bronx County, NY",36005,Black or African American,2054-5,High school graduate or GED completed,6.57
"Bronx County, NY",36005,Black or African American,2054-5,"Some college credit, but not a degree",5.09
"Bronx County, NY",36005,Black or African American,2054-5,"Associate degree (AA, AS)",6.15
"Bronx County, NY",36005,Black or African American,2054-5,"Bachelor's degree (BA, AB, BS)",4.46
"Bronx County, NY",36005,Black or African American,2054-5,"Master's degree (MA, MS)",6.78
"Bronx County, NY",36005,Black or African American,2054-5,Unknown/Not on certificate,21.08
"Bronx County, NY",36005,Black or African American,2054-5,Excluded,7.76
"Dutchess County, NY",36027,Black or African American,2054-5,High school graduate or GED completed,15.31
"Dutchess County, NY",36027,Black or African American,2054-5,"Some college credit, but not a degree",10.47
"Erie County, NY",36029,Black or African American,2054-5,9th through 12th grade with no diploma,15.1
"Erie County, NY",36029,Black or African American,2054-5,High school graduate or GED completed,16.54
"Erie County, NY",36029,Black or African American,2054-5,"Some college credit, but not a degree",11.38
"Erie County, NY",36029,Black or African American,2054-5,"Associate degree (AA, AS)",11.03
"Erie County, NY",36029,Black or African American,2054-5,"Bachelor's degree (BA, AB, BS)",10.46
"Erie County, NY",36029,Black or African American,2054-5,Unknown/Not on certificate,61.7
"Kings County, NY",36047,Black or African American,2054-5,8th grade or less,4.32
"Kings County, NY",36047,Black or African American,2054-5,9th through 12th grade with no diploma,9.28
"Kings County, NY",36047,Black or African American,2054-5,High school graduate or GED completed,8.45
"Kings County, NY",36047,Black or African American,2054-5,"Some college credit, but not a degree",6.36
"Kings County, NY",36047,Black or African American,2054-5,"Associate degree (AA, AS)",6.55
"Kings County, NY",36047,Black or African American,2054-5,"Bachelor's degree (BA, AB, BS)",5.01
"Kings County, NY",36047,Black or African American,2054-5,"Master's degree (MA, MS)",3.92
"Kings County, NY",36047,Black or African American,2054-5,Unknown/Not on certificate,23.26
"Kings County, NY",36047,Black or African American,2054-5,Excluded,8.71
"Monroe County, NY",36055,Black or African American,2054-5,9th through 12th grade with no diploma,15.74
"Monroe County, NY",36055,Black or African American,2054-5,High school graduate or GED completed,13.7
"Monroe County, NY",36055,Black or African American,2054-5,"Some college credit, but not a degree",11.46
"Monroe County, NY",36055,Black or African American,2054-5,"Associate degree (AA, AS)",9.54
"Nassau County, NY",36059,Black or African American,2054-5,9th through 12th grade with no diploma,10.38
"Nassau County, NY",36059,Black or African American,2054-5,High school graduate or GED completed,14.66
"Nassau County, NY",36059,Black or African American,2054-5,"Some college credit, but not a degree",7.24
"Nassau County, NY",36059,Black or African American,2054-5,"Associate degree (AA, AS)",9.97
"Nassau County, NY",36059,Black or African American,2054-5,"Bachelor's degree (BA, AB, BS)",9.27
"Nassau County, NY",36059,Black or African American,2054-5,"Master's degree (MA, MS)",7.32
"New York County, NY",36061,Black or African American,2054-5,8th grade or less,12.5
"New York County, NY",36061,Black or African American,2054-5,9th through 12th grade with no diploma,7.59
"New York County, NY",36061,Black or African American,2054-5,High school graduate or GED completed,10.28
"New York County, NY",36061,Black or African American,2054-5,"Some college credit, but not a degree",8.73
"New York County, NY",36061,Black or African American,2054-5,"Associate degree (AA, AS)",7.05
"New York County, NY",36061,Black or African American,2054-5,"Bachelor's degree (BA, AB, BS)",6.4
"New York County, NY",36061,Black or African American,2054-5,Excluded,8.84
"Onondaga County, NY",36067,Black or African American,2054-5,9th through 12th grade with no diploma,15.77
"Onondaga County, NY",36067,Black or African American,2054-5,High school graduate or GED completed,9.5
"Onondaga County, NY",36067,Black or African American,2054-5,"Some college credit, but not a degree",12.99
"Orange County, NY",36071,Black or African American,2054-5,9th through 12th grade with no diploma,14.51
"Orange County, NY",36071,Black or African American,2054-5,High school graduate or GED completed,9.42
"Orange County, NY",36071,Black or African American,2054-5,"Some college credit, but not a degree",14.83
"Queens County, NY",36081,Black or African American,2054-5,9th through 12th grade with no diploma,9.88
"Queens County, NY",36081,Black or African American,2054-5,High school graduate or GED completed,7.04
"Queens County, NY",36081,Black or African American,2054-5,"Some college credit, but not a degree",7.5
"Queens County, NY",36081,Black or African American,2054-5,"Associate degree (AA, AS)",7.37
"Queens County, NY",36081,Black or African American,2054-5,"Bachelor's degree (BA, AB, BS)",5.17
"Queens County, NY",36081,Black or African American,2054-5,"Master's degree (MA, MS)",8.31
"Queens County, NY",36081,Black or African American,2054-5,Excluded,8.43
"Richmond County, NY",36085,Black or African American,2054-5,9th through 12th grade with no diploma,11.42
"Richmond County, NY",36085,Black or African American,2054-5,High school graduate or GED completed,7.96
"Richmond County, NY",36085,Black or African American,2054-5,"Some college credit, but not a degree",8
"Richmond County, NY",36085,Black or African American,2054-5,"Bachelor's degree (BA, AB, BS)",10.88
"Richmond County, NY",36085,Black or African American,2054-5,Excluded,10.53
"Rockland County, NY",36087,Black or African American,2054-5,High school graduate or GED completed,14.08
"Rockland County, NY",36087,Black or African American,2054-5,Unknown/Not on certificate,42.8
"Suffolk County, NY",36103,Black or African American,2054-5,9th through 12th grade with no diploma,7.65
"Suffolk County, NY",36103,Black or African American,2054-5,High school graduate or GED completed,9.08
"Suffolk County, NY",36103,Black or African American,2054-5,"Some college credit, but not a degree",6.73
"Suffolk County, NY",36103,Black or African American,2054-5,"Bachelor's degree (BA, AB, BS)",6.21
"Suffolk County, NY",36103,Black or African American,2054-5,Unknown/Not on certificate,71.66
"Westchester County, NY",36119,Black or African American,2054-5,9th through 12th grade with no diploma,9.92
"Westchester County, NY",36119,Black or African American,2054-5,High school graduate or GED completed,8.25
"Westchester County, NY",36119,Black or African American,2054-5,"Some college credit, but not a degree",8.99
"Westchester County, NY",36119,Black or African American,2054-5,"Associate degree (AA, AS)",12.32
"Westchester County, NY",36119,Black or African American,2054-5,"Bachelor's degree (BA, AB, BS)",6.8
"Westchester County, NY",36119,Black or African American,2054-5,Unknown/Not on certificate,18.07
"Unidentified Counties, NY",36999,Black or African American,2054-5,9th through 12th grade with no diploma,14.7
"Unidentified Counties, NY",36999,Black or African American,2054-5,High school graduate or GED completed,13.89
"Unidentified Counties, NY",36999,Black or African American,2054-5,"Some college credit, but not a degree",9.15
"Unidentified Counties, NY",36999,Black or African American,2054-5,"Associate degree (AA, AS)",14.64
"Unidentified Counties, NY",36999,Black or African American,2054-5,"Bachelor's degree (BA, AB, BS)",11.04
"Unidentified Counties, NY",36999,Black or African American,2054-5,Unknown/Not on certificate,29.72
"Cumberland County, NC",37051,Black or African American,2054-5,9th through 12th grade with no diploma,15.7
"Cumberland County, NC",37051,Black or African American,2054-5,High school graduate or GED completed,17.32
"Cumberland County, NC",37051,Black or African American,2054-5,"Some college credit, but not a degree",12.23
"Cumberland County, NC",37051,Black or African American,2054-5,"Associate degree (AA, AS)",15.87
"Cumberland County, NC",37051,Black or African American,2054-5,"Bachelor's degree (BA, AB, BS)",11.19
"Cumberland County, NC",37051,Black or African American,2054-5,Excluded,13.11
"Durham County, NC",37063,Black or African American,2054-5,9th through 12th grade with no diploma,13.26
"Durham County, NC",37063,Black or African American,2054-5,"Some college credit, but not a degree",12.48
"Forsyth County, NC",37067,Black or African American,2054-5,High school graduate or GED completed,13.55
"Forsyth County, NC",37067,Black or African American,2054-5,"Some college credit, but not a degree",10
"Forsyth County, NC",37067,Black or African American,2054-5,Excluded,19.39
"Guilford County, NC",37081,Black or African American,2054-5,9th through 12th grade with no diploma,9.93
"Guilford County, NC",37081,Black or African American,2054-5,High school graduate or GED completed,12.63
"Guilford County, NC",37081,Black or African American,2054-5,"Some college credit, but not a degree",10.2
"Guilford County, NC",37081,Black or African American,2054-5,"Associate degree (AA, AS)",13.38
"Guilford County, NC",37081,Black or African American,2054-5,"Bachelor's degree (BA, AB, BS)",10.1
"Guilford County, NC",37081,Black or African American,2054-5,"Master's degree (MA, MS)",14.86
"Guilford County, NC",37081,Black or African American,2054-5,Excluded,13.97
"Mecklenburg County, NC",37119,Black or African American,2054-5,9th through 12th grade with no diploma,9.65
"Mecklenburg County, NC",37119,Black or African American,2054-5,High school graduate or GED completed,11.1
"Mecklenburg County, NC",37119,Black or African American,2054-5,"Some college credit, but not a degree",10.53
"Mecklenburg County, NC",37119,Black or African American,2054-5,"Associate degree (AA, AS)",7.71
"Mecklenburg County, NC",37119,Black or African American,2054-5,"Bachelor's degree (BA, AB, BS)",8.07
"Mecklenburg County, NC",37119,Black or African American,2054-5,"Master's degree (MA, MS)",10.05
"Mecklenburg County, NC",37119,Black or African American,2054-5,Excluded,10.74
"Wake County, NC",37183,Black or African American,2054-5,9th through 12th grade with no diploma,15.85
"Wake County, NC",37183,Black or African American,2054-5,High school graduate or GED completed,11.52
"Wake County, NC",37183,Black or African American,2054-5,"Some college credit, but not a degree",11
"Wake County, NC",37183,Black or African American,2054-5,"Associate degree (AA, AS)",9.86
"Wake County, NC",37183,Black or African American,2054-5,"Bachelor's degree (BA, AB, BS)",8.75
"Wake County, NC",37183,Black or African American,2054-5,"Master's degree (MA, MS)",8.96
"Wake County, NC",37183,Black or African American,2054-5,Excluded,13.27
"Unidentified Counties, NC",37999,Black or African American,2054-5,8th grade or less,7.25
"Unidentified Counties, NC",37999,Black or African American,2054-5,9th through 12th grade with no diploma,14.29
"Unidentified Counties, NC",37999,Black or African American,2054-5,High school graduate or GED completed,13.59
"Unidentified Counties, NC",37999,Black or African American,2054-5,"Some college credit, but not a degree",12.04
"Unidentified Counties, NC",37999,Black or African American,2054-5,"Associate degree (AA, AS)",9.92
"Unidentified Counties, NC",37999,Black or African American,2054-5,"Bachelor's degree (BA, AB, BS)",10.39
"Unidentified Counties, NC",37999,Black or African American,2054-5,"Master's degree (MA, MS)",13.59
"Unidentified Counties, NC",37999,Black or African American,2054-5,Unknown/Not on certificate,52.91
"Unidentified Counties, NC",37999,Black or African American,2054-5,Excluded,14.04
"Unidentified Counties, ND",38999,Black or African American,2054-5,"Some college credit, but not a degree",11.76
"Butler County, OH",39017,Black or African American,2054-5,High school graduate or GED completed,16.55
"Butler County, OH",39017,Black or African American,2054-5,"Some college credit, but not a degree",9.48
"Cuyahoga County, OH",39035,Black or African American,2054-5,9th through 12th grade with no diploma,15.64
"Cuyahoga County, OH",39035,Black or African American,2054-5,High school graduate or GED completed,14.52
"Cuyahoga County, OH",39035,Black or African American,2054-5,"Some college credit, but not a degree",13.81
"Cuyahoga County, OH",39035,Black or African American,2054-5,"Associate degree (AA, AS)",11.29
"Cuyahoga County, OH",39035,Black or African American,2054-5,"Bachelor's degree (BA, AB, BS)",8.82
"Cuyahoga County, OH",39035,Black or African American,2054-5,"Master's degree (MA, MS)",8.18
"Cuyahoga County, OH",39035,Black or African American,2054-5,Unknown/Not on certificate,85.83
"Franklin County, OH",39049,Black or African American,2054-5,8th grade or less,7.83
"Franklin County, OH",39049,Black or African American,2054-5,9th through 12th grade with no diploma,14.54
"Franklin County, OH",39049,Black or African American,2054-5,High school graduate or GED completed,13.12
"Franklin County, OH",39049,Black or African American,2054-5,"Some college credit, but not a degree",12.49
"Franklin County, OH",39049,Black or African American,2054-5,"Associate degree (AA, AS)",15.65
"Franklin County, OH",39049,Black or African American,2054-5,"Bachelor's degree (BA, AB, BS)",10.69
"Franklin County, OH",39049,Black or African American,2054-5,"Master's degree (MA, MS)",12.29
"Franklin County, OH",39049,Black or African American,2054-5,Unknown/Not on certificate,26.45
"Hamilton County, OH",39061,Black or African American,2054-5,9th through 12th grade with no diploma,17.92
"Hamilton County, OH",39061,Black or African American,2054-5,High school graduate or GED completed,15.22
"Hamilton County, OH",39061,Black or African American,2054-5,"Some college credit, but not a degree",14.49
"Hamilton County, OH",39061,Black or African American,2054-5,"Associate degree (AA, AS)",12.86
"Hamilton County, OH",39061,Black or African American,2054-5,"Bachelor's degree (BA, AB, BS)",10.23
"Hamilton County, OH",39061,Black or African American,2054-5,Unknown/Not on certificate,55.17
"Lorain County, OH",39093,Black or African American,2054-5,9th through 12th grade with no diploma,12.61
"Lorain County, OH",39093,Black or African American,2054-5,High school graduate or GED completed,12.12
"Lorain County, OH",39093,Black or African American,2054-5,"Some college credit, but not a degree",11.09
"Lucas County, OH",39095,Black or African American,2054-5,9th through 12th grade with no diploma,13.46
"Lucas County, OH",39095,Black or African American,2054-5,High school graduate or GED completed,10.94
"Lucas County, OH",39095,Black or African American,2054-5,"Some college credit, but not a degree",12.83
"Mahoning County, OH",39099,Black or African American,2054-5,9th through 12th grade with no diploma,21.57
"Mahoning County, OH",39099,Black or African American,2054-5,High school graduate or GED completed,10.14
"Mahoning County, OH",39099,Black or African American,2054-5,"Some college credit, but not a degree",18.15
"Montgomery County, OH",39113,Black or African American,2054-5,9th through 12th grade with no diploma,16.56
"Montgomery County, OH",39113,Black or African American,2054-5,High school graduate or GED completed,11.64
"Montgomery County, OH",39113,Black or African American,2054-5,"Some college credit, but not a degree",12.15
"Montgomery County, OH",39113,Black or African American,2054-5,"Associate degree (AA, AS)",12.23
"Stark County, OH",39151,Black or African American,2054-5,9th through 12th grade with no diploma,17.94
"Stark County, OH",39151,Black or African American,2054-5,High school graduate or GED completed,15.85
"Stark County, OH",39151,Black or African American,2054-5,"Some college credit, but not a degree",14.75
"Summit County, OH",39153,Black or African American,2054-5,9th through 12th grade with no diploma,16.69
"Summit County, OH",39153,Black or African American,2054-5,High school graduate or GED completed,10.47
"Summit County, OH",39153,Black or African American,2054-5,"Some college credit, but not a degree",12.92
"Summit County, OH",39153,Black or African American,2054-5,"Associate degree (AA, AS)",10.85
"Unidentified Counties, OH",39999,Black or African American,2054-5,9th through 12th grade with no diploma,15.51
"Unidentified Counties, OH",39999,Black or African American,2054-5,High school graduate or GED completed,13.97
"Unidentified Counties, OH",39999,Black or African American,2054-5,"Some college credit, but not a degree",10.36
"Unidentified Counties, OH",39999,Black or African American,2054-5,"Associate degree (AA, AS)",11.86
"Unidentified Counties, OH",39999,Black or African American,2054-5,"Bachelor's degree (BA, AB, BS)",5.91
"Unidentified Counties, OH",39999,Black or African American,2054-5,Unknown/Not on certificate,25.51
"Oklahoma County, OK",40109,Black or African American,2054-5,9th through 12th grade with no diploma,11.16
"Oklahoma County, OK",40109,Black or African American,2054-5,High school graduate or GED completed,15.4
"Oklahoma County, OK",40109,Black or African American,2054-5,"Some college credit, but not a degree",10.32
"Oklahoma County, OK",40109,Black or African American,2054-5,Excluded,13.54
"Tulsa County, OK",40143,Black or African American,2054-5,9th through 12th grade with no diploma,15.59
"Tulsa County, OK",40143,Black or African American,2054-5,High school graduate or GED completed,16.12
"Tulsa County, OK",40143,Black or African American,2054-5,"Some college credit, but not a degree",17.12
"Tulsa County, OK",40143,Black or African American,2054-5,Excluded,13.63
"Unidentified Counties, OK",40999,Black or African American,2054-5,9th through 12th grade with no diploma,9.75
"Unidentified Counties, OK",40999,Black or African American,2054-5,High school graduate or GED completed,11.14
"Unidentified Counties, OK",40999,Black or African American,2054-5,"Some college credit, but not a degree",14.01
"Unidentified Counties, OK",40999,Black or African American,2054-5,"Associate degree (AA, AS)",19.92
"Unidentified Counties, OK",40999,Black or African American,2054-5,Excluded,12.31
"Multnomah County, OR",41051,Black or African American,2054-5,9th through 12th grade with no diploma,10.82
"Multnomah County, OR",41051,Black or African American,2054-5,High school graduate or GED completed,9.75
"Multnomah County, OR",41051,Black or African American,2054-5,"Some college credit, but not a degree",8.14
"Multnomah County, OR",41051,Black or African American,2054-5,Excluded,13.59
"Allegheny County, PA",42003,Black or African American,2054-5,9th through 12th grade with no diploma,14.51
"Allegheny County, PA",42003,Black or African American,2054-5,High school graduate or GED completed,14.98
"Allegheny County, PA",42003,Black or African American,2054-5,"Some college credit, but not a degree",13.78
"Allegheny County, PA",42003,Black or African American,2054-5,"Associate degree (AA, AS)",9.82
"Allegheny County, PA",42003,Black or African American,2054-5,"Bachelor's degree (BA, AB, BS)",7.27
"Allegheny County, PA",42003,Black or African American,2054-5,Unknown/Not on certificate,195.4
"Berks County, PA",42011,Black or African American,2054-5,9th through 12th grade with no diploma,11.92
"Berks County, PA",42011,Black or African American,2054-5,High school graduate or GED completed,17.86
"Berks County, PA",42011,Black or African American,2054-5,"Some college credit, but not a degree",16.84
"Bucks County, PA",42017,Black or African American,2054-5,Unknown/Not on certificate,30.88
"Chester County, PA",42029,Black or African American,2054-5,High school graduate or GED completed,7.97
"Chester County, PA",42029,Black or African American,2054-5,"Some college credit, but not a degree",11.66
"Dauphin County, PA",42043,Black or African American,2054-5,9th through 12th grade with no diploma,12.11
"Dauphin County, PA",42043,Black or African American,2054-5,High school graduate or GED completed,12.45
"Dauphin County, PA",42043,Black or African American,2054-5,"Some college credit, but not a degree",12.28
"Delaware County, PA",42045,Black or African American,2054-5,9th through 12th grade with no diploma,11.41
"Delaware County, PA",42045,Black or African American,2054-5,High school graduate or GED completed,11.72
"Delaware County, PA",42045,Black or African American,2054-5,"Some college credit, but not a degree",13.18
"Delaware County, PA",42045,Black or African American,2054-5,"Associate degree (AA, AS)",17.24
"Delaware County, PA",42045,Black or African American,2054-5,"Bachelor's degree (BA, AB, BS)",9.17
"Delaware County, PA",42045,Black or African American,2054-5,Unknown/Not on certificate,85.3
"Erie County, PA",42049,Black or African American,2054-5,9th through 12th grade with no diploma,10.44
"Erie County, PA",42049,Black or African American,2054-5,High school graduate or GED completed,16.84
"Erie County, PA",42049,Black or African American,2054-5,"Some college credit, but not a degree",12.42
"Lancaster County, PA",42071,Black or African American,2054-5,9th through 12th grade with no diploma,11.32
"Lancaster County, PA",42071,Black or African American,2054-5,High school graduate or GED completed,13.53
"Lehigh County, PA",42077,Black or African American,2054-5,9th through 12th grade with no diploma,6.93
"Lehigh County, PA",42077,Black or African American,2054-5,High school graduate or GED completed,14.39
"Lehigh County, PA",42077,Black or African American,2054-5,"Some college credit, but not a degree",9.42
"Luzerne County, PA",42079,Black or African American,2054-5,9th through 12th grade with no diploma,14.81
"Luzerne County, PA",42079,Black or African American,2054-5,"Some college credit, but not a degree",17.8
"Montgomery County, PA",42091,Black or African American,2054-5,9th through 12th grade with no diploma,15.22
"Montgomery County, PA",42091,Black or African American,2054-5,High school graduate or GED completed,12.65
"Montgomery County, PA",42091,Black or African American,2054-5,"Some college credit, but not a degree",10.09
"Montgomery County, PA",42091,Black or African American,2054-5,"Master's degree (MA, MS)",11.31
"Northampton County, PA",42095,Black or African American,2054-5,High school graduate or GED completed,14.12
"Philadelphia County, PA",42101,Black or African American,2054-5,8th grade or less,5.99
"Philadelphia County, PA",42101,Black or African American,2054-5,9th through 12th grade with no diploma,12.75
"Philadelphia County, PA",42101,Black or African American,2054-5,High school graduate or GED completed,10.47
"Philadelphia County, PA",42101,Black or African American,2054-5,"Some college credit, but not a degree",9.21
"Philadelphia County, PA",42101,Black or African American,2054-5,"Associate degree (AA, AS)",8.61
"Philadelphia County, PA",42101,Black or African American,2054-5,"Bachelor's degree (BA, AB, BS)",9.13
"Philadelphia County, PA",42101,Black or African American,2054-5,"Master's degree (MA, MS)",5.59
"Philadelphia County, PA",42101,Black or African American,2054-5,Unknown/Not on certificate,114.45
"York County, PA",42133,Black or African American,2054-5,High school graduate or GED completed,11.09
"York County, PA",42133,Black or African American,2054-5,"Some college credit, but not a degree",15.1
"Unidentified Counties, PA",42999,Black or African American,2054-5,9th through 12th grade with no diploma,17.22
"Unidentified Counties, PA",42999,Black or African American,2054-5,High school graduate or GED completed,12.21
"Unidentified Counties, PA",42999,Black or African American,2054-5,"Some college credit, but not a degree",10.54
"Unidentified Counties, PA",42999,Black or African American,2054-5,"Associate degree (AA, AS)",9.68
"Unidentified Counties, PA",42999,Black or African American,2054-5,"Bachelor's degree (BA, AB, BS)",12.94
"Unidentified Counties, PA",42999,Black or African American,2054-5,Unknown/Not on certificate,35.04
"Providence County, RI",44007,Black or African American,2054-5,Excluded,10.1
"Unidentified Counties, RI",44999,Black or African American,2054-5,Excluded,13.1
"Charleston County, SC",45019,Black or African American,2054-5,9th through 12th grade with no diploma,10.88
"Charleston County, SC",45019,Black or African American,2054-5,High school graduate or GED completed,10.22
"Charleston County, SC",45019,Black or African American,2054-5,"Some college credit, but not a degree",9.09
"Charleston County, SC",45019,Black or African American,2054-5,"Bachelor's degree (BA, AB, BS)",9.21
"Charleston County, SC",45019,Black or African American,2054-5,Unknown/Not on certificate,106.67
"Greenville County, SC",45045,Black or African American,2054-5,9th through 12th grade with no diploma,12.9
"Greenville County, SC",45045,Black or African American,2054-5,High school graduate or GED completed,11.68
"Greenville County, SC",45045,Black or African American,2054-5,"Some college credit, but not a degree",11.03
"Greenville County, SC",45045,Black or African American,2054-5,"Associate degree (AA, AS)",9.67
"Richland County, SC",45079,Black or African American,2054-5,9th through 12th grade with no diploma,11.53
"Richland County, SC",45079,Black or African American,2054-5,High school graduate or GED completed,12.32
"Richland County, SC",45079,Black or African American,2054-5,"Some college credit, but not a degree",9.43
"Richland County, SC",45079,Black or African American,2054-5,"Associate degree (AA, AS)",11.47
"Richland County, SC",45079,Black or African American,2054-5,"Bachelor's degree (BA, AB, BS)",7.59
"Richland County, SC",45079,Black or African American,2054-5,"Master's degree (MA, MS)",7.88
"Spartanburg County, SC",45083,Black or African American,2054-5,9th through 12th grade with no diploma,8.17
"Spartanburg County, SC",45083,Black or African American,2054-5,High school graduate or GED completed,8.72
"Spartanburg County, SC",45083,Black or African American,2054-5,"Some college credit, but not a degree",8.19
"Unidentified Counties, SC",45999,Black or African American,2054-5,8th grade or less,10.93
"Unidentified Counties, SC",45999,Black or African American,2054-5,9th through 12th grade with no diploma,11.79
"Unidentified Counties, SC",45999,Black or African American,2054-5,High school graduate or GED completed,11.95
"Unidentified Counties, SC",45999,Black or African American,2054-5,"Some college credit, but not a degree",10.76
"Unidentified Counties, SC",45999,Black or African American,2054-5,"Associate degree (AA, AS)",11.63
"Unidentified Counties, SC",45999,Black or African American,2054-5,"Bachelor's degree (BA, AB, BS)",11.53
"Unidentified Counties, SC",45999,Black or African American,2054-5,"Master's degree (MA, MS)",11.56
"Unidentified Counties, SC",45999,Black or African American,2054-5,Unknown/Not on certificate,45.93
"Unidentified Counties, SD",46999,Black or African American,2054-5,High school graduate or GED completed,12.79
"Davidson County, TN",47037,Black or African American,2054-5,8th grade or less,7.92
"Davidson County, TN",47037,Black or African American,2054-5,9th through 12th grade with no diploma,14.36
"Davidson County, TN",47037,Black or African American,2054-5,High school graduate or GED completed,11.44
"Davidson County, TN",47037,Black or African American,2054-5,"Some college credit, but not a degree",9.08
"Davidson County, TN",47037,Black or African American,2054-5,"Associate degree (AA, AS)",12.42
"Davidson County, TN",47037,Black or African American,2054-5,"Bachelor's degree (BA, AB, BS)",8.79
"Davidson County, TN",47037,Black or African American,2054-5,Unknown/Not on certificate,78.19
"Hamilton County, TN",47065,Black or African American,2054-5,9th through 12th grade with no diploma,15
"Hamilton County, TN",47065,Black or African American,2054-5,High school graduate or GED completed,13.84
"Hamilton County, TN",47065,Black or African American,2054-5,"Some college credit, but not a degree",11.95
"Knox County, TN",47093,Black or African American,2054-5,9th through 12th grade with no diploma,13.99
"Knox County, TN",47093,Black or African American,2054-5,High school graduate or GED completed,9.45
"Knox County, TN",47093,Black or African American,2054-5,"Some college credit, but not a degree",15.02
"Shelby County, TN",47157,Black or African American,2054-5,8th grade or less,12.8
"Shelby County, TN",47157,Black or African American,2054-5,9th through 12th grade with no diploma,14.96
"Shelby County, TN",47157,Black or African American,2054-5,High school graduate or GED completed,14.36
"Shelby County, TN",47157,Black or African American,2054-5,"Some college credit, but not a degree",12.82
"Shelby County, TN",47157,Black or African American,2054-5,"Associate degree (AA, AS)",15.04
"Shelby County, TN",47157,Black or African American,2054-5,"Bachelor's degree (BA, AB, BS)",11.95
"Shelby County, TN",47157,Black or African American,2054-5,"Master's degree (MA, MS)",9.42
"Shelby County, TN",47157,Black or African American,2054-5,Unknown/Not on certificate,27.3
"Unidentified Counties, TN",47999,Black or African American,2054-5,8th grade or less,10.77
"Unidentified Counties, TN",47999,Black or African American,2054-5,9th through 12th grade with no diploma,13.12
"Unidentified Counties, TN",47999,Black or African American,2054-5,High school graduate or GED completed,11.4
"Unidentified Counties, TN",47999,Black or African American,2054-5,"Some college credit, but not a degree",10.53
"Unidentified Counties, TN",47999,Black or African American,2054-5,"Associate degree (AA, AS)",9.37
"Unidentified Counties, TN",47999,Black or African American,2054-5,"Bachelor's degree (BA, AB, BS)",6.17
"Bell County, TX",48027,Black or African American,2054-5,High school graduate or GED completed,7.44
"Bell County, TX",48027,Black or African American,2054-5,"Some college credit, but not a degree",9.08
"Bexar County, TX",48029,Black or African American,2054-5,9th through 12th grade with no diploma,12.39
"Bexar County, TX",48029,Black or African American,2054-5,High school graduate or GED completed,8.21
"Bexar County, TX",48029,Black or African American,2054-5,"Some college credit, but not a degree",8.49
"Bexar County, TX",48029,Black or African American,2054-5,"Associate degree (AA, AS)",7.12
"Bexar County, TX",48029,Black or African American,2054-5,"Bachelor's degree (BA, AB, BS)",11.21
"Collin County, TX",48085,Black or African American,2054-5,High school graduate or GED completed,6.99
"Collin County, TX",48085,Black or African American,2054-5,"Some college credit, but not a degree",7.23
"Collin County, TX",48085,Black or African American,2054-5,"Bachelor's degree (BA, AB, BS)",4.09
"Collin County, TX",48085,Black or African American,2054-5,"Master's degree (MA, MS)",9.23
"Dallas County, TX",48113,Black or African American,2054-5,9th through 12th grade with no diploma,12.72
"Dallas County, TX",48113,Black or African American,2054-5,High school graduate or GED completed,12.48
"Dallas County, TX",48113,Black or African American,2054-5,"Some college credit, but not a degree",10.48
"Dallas County, TX",48113,Black or African American,2054-5,"Associate degree (AA, AS)",13.68
"Dallas County, TX",48113,Black or African American,2054-5,"Bachelor's degree (BA, AB, BS)",10.42
"Dallas County, TX",48113,Black or African American,2054-5,"Master's degree (MA, MS)",9.11
"Dallas County, TX",48113,Black or African American,2054-5,Unknown/Not on certificate,111.84
"Denton County, TX",48121,Black or African American,2054-5,High school graduate or GED completed,10.01
"Denton County, TX",48121,Black or African American,2054-5,"Some college credit, but not a degree",9.85
"Denton County, TX",48121,Black or African American,2054-5,"Bachelor's degree (BA, AB, BS)",6.18
"El Paso County, TX",48141,Black or African American,2054-5,High school graduate or GED completed,12.13
"El Paso County, TX",48141,Black or African American,2054-5,"Some college credit, but not a degree",12.29
"Fort Bend County, TX",48157,Black or African American,2054-5,High school graduate or GED completed,10.93
"Fort Bend County, TX",48157,Black or African American,2054-5,"Some college credit, but not a degree",7.03
"Fort Bend County, TX",48157,Black or African American,2054-5,"Bachelor's degree (BA, AB, BS)",6.54
"Fort Bend County, TX",48157,Black or African American,2054-5,"Master's degree (MA, MS)",7.69
"Galveston County, TX",48167,Black or African American,2054-5,High school graduate or GED completed,9.87
"Galveston County, TX",48167,Black or African American,2054-5,"Some college credit, but not a degree",11.34
"Harris County, TX",48201,Black or African American,2054-5,8th grade or less,10.21
"Harris County, TX",48201,Black or African American,2054-5,9th through 12th grade with no diploma,12
"Harris County, TX",48201,Black or African American,2054-5,High school graduate or GED completed,11.3
"Harris County, TX",48201,Black or African American,2054-5,"Some college credit, but not a degree",9.53
"Harris County, TX",48201,Black or African American,2054-5,"Associate degree (AA, AS)",10.2
"Harris County, TX",48201,Black or African American,2054-5,"Bachelor's degree (BA, AB, BS)",7.44
"Harris County, TX",48201,Black or African American,2054-5,"Master's degree (MA, MS)",8.14
"Harris County, TX",48201,Black or African American,2054-5,Unknown/Not on certificate,117.32
"Jefferson County, TX",48245,Black or African American,2054-5,9th through 12th grade with no diploma,11.04
"Jefferson County, TX",48245,Black or African American,2054-5,High school graduate or GED completed,13.25
"Jefferson County, TX",48245,Black or African American,2054-5,"Some college credit, but not a degree",9.25
"Jefferson County, TX",48245,Black or African American,2054-5,"Associate degree (AA, AS)",24.29
"Montgomery County, TX",48339,Black or African American,2054-5,High school graduate or GED completed,12.01
"Tarrant County, TX",48439,Black or African American,2054-5,9th through 12th grade with no diploma,12.94
"Tarrant County, TX",48439,Black or African American,2054-5,High school graduate or GED completed,15.18
"Tarrant County, TX",48439,Black or African American,2054-5,"Some college credit, but not a degree",10.42
"Tarrant County, TX",48439,Black or African American,2054-5,"Associate degree (AA, AS)",10.33
"Tarrant County, TX",48439,Black or African American,2054-5,"Bachelor's degree (BA, AB, BS)",9.72
"Tarrant County, TX",48439,Black or African American,2054-5,"Master's degree (MA, MS)",9.63
"Travis County, TX",48453,Black or African American,2054-5,9th through 12th grade with no diploma,16.57
"Travis County, TX",48453,Black or African American,2054-5,High school graduate or GED completed,7.75
"Travis County, TX",48453,Black or African American,2054-5,"Some college credit, but not a degree",9.53
"Travis County, TX",48453,Black or African American,2054-5,"Bachelor's degree (BA, AB, BS)",11.75
"Unidentified Counties, TX",48999,Black or African American,2054-5,8th grade or less,7.14
"Unidentified Counties, TX",48999,Black or African American,2054-5,9th through 12th grade with no diploma,10.73
"Unidentified Counties, TX",48999,Black or African American,2054-5,High school graduate or GED completed,11.5
"Unidentified Counties, TX",48999,Black or African American,2054-5,"Some college credit, but not a degree",9.75
"Unidentified Counties, TX",48999,Black or African American,2054-5,"Associate degree (AA, AS)",9.41
"Unidentified Counties, TX",48999,Black or African American,2054-5,"Bachelor's degree (BA, AB, BS)",9.65
"Unidentified Counties, TX",48999,Black or African American,2054-5,"Master's degree (MA, MS)",5.2
"Unidentified Counties, TX",48999,Black or African American,2054-5,Unknown/Not on certificate,56.87
"Salt Lake County, UT",49035,Black or African American,2054-5,High school graduate or GED completed,15.56
"Salt Lake County, UT",49035,Black or African American,2054-5,Excluded,9.29
"Chesterfield County, VA",51041,Black or African American,2054-5,Excluded,9.12
"Fairfax County, VA",51059,Black or African American,2054-5,"Some college credit, but not a degree",11.37
"Fairfax County, VA",51059,Black or African American,2054-5,Excluded,8.24
"Henrico County, VA",51087,Black or African American,2054-5,High school graduate or GED completed,14.93
"Henrico County, VA",51087,Black or African American,2054-5,Excluded,11.35
"Prince William County, VA",51153,Black or African American,2054-5,Excluded,10.93
"Virginia Beach city, VA",51810,Black or African American,2054-5,High school graduate or GED completed,15.4
"Virginia Beach city, VA",51810,Black or African American,2054-5,"Some college credit, but not a degree",7.4
"Virginia Beach city, VA",51810,Black or African American,2054-5,Excluded,11.13
"Unidentified Counties, VA",51999,Black or African American,2054-5,9th through 12th grade with no diploma,11.93
"Unidentified Counties, VA",51999,Black or African American,2054-5,High school graduate or GED completed,10.59
"Unidentified Counties, VA",51999,Black or African American,2054-5,"Some college credit, but not a degree",10.26
"Unidentified Counties, VA",51999,Black or African American,2054-5,"Associate degree (AA, AS)",7.54
"Unidentified Counties, VA",51999,Black or African American,2054-5,"Bachelor's degree (BA, AB, BS)",10.52
"Unidentified Counties, VA",51999,Black or African American,2054-5,"Master's degree (MA, MS)",7.83
"Unidentified Counties, VA",51999,Black or African American,2054-5,Unknown/Not on certificate,50.68
"Unidentified Counties, VA",51999,Black or African American,2054-5,Excluded,13.47
"King County, WA",53033,Black or African American,2054-5,8th grade or less,6.73
"King County, WA",53033,Black or African American,2054-5,9th through 12th grade with no diploma,7.13
"King County, WA",53033,Black or African American,2054-5,High school graduate or GED completed,7.47
"King County, WA",53033,Black or African American,2054-5,"Some college credit, but not a degree",7.37
"King County, WA",53033,Black or African American,2054-5,"Associate degree (AA, AS)",9.34
"King County, WA",53033,Black or African American,2054-5,"Bachelor's degree (BA, AB, BS)",5.19
"King County, WA",53033,Black or African American,2054-5,Unknown/Not on certificate,18.9
"Pierce County, WA",53053,Black or African American,2054-5,9th through 12th grade with no diploma,10.53
"Pierce County, WA",53053,Black or African American,2054-5,High school graduate or GED completed,11.03
"Pierce County, WA",53053,Black or African American,2054-5,"Some college credit, but not a degree",8.16
"Unidentified Counties, WA",53999,Black or African American,2054-5,High school graduate or GED completed,7.87
"Unidentified Counties, WA",53999,Black or African American,2054-5,"Some college credit, but not a degree",9.08
"Unidentified Counties, WV",54999,Black or African American,2054-5,Excluded,10.92
"Dane County, WI",55025,Black or African American,2054-5,High school graduate or GED completed,12.58
"Dane County, WI",55025,Black or African American,2054-5,"Some college credit, but not a degree",16.44
"Dane County, WI",55025,Black or African American,2054-5,Excluded,14.92
"Milwaukee County, WI",55079,Black or African American,2054-5,9th through 12th grade with no diploma,14.84
"Milwaukee County, WI",55079,Black or African American,2054-5,High school graduate or GED completed,11.15
"Milwaukee County, WI",55079,Black or African American,2054-5,"Some college credit, but not a degree",16.16
"Milwaukee County, WI",55079,Black or African American,2054-5,"Associate degree (AA, AS)",12.71
"Milwaukee County, WI",55079,Black or African American,2054-5,"Bachelor's degree (BA, AB, BS)",10.02
"Milwaukee County, WI",55079,Black or African American,2054-5,Unknown/Not on certificate,73.77
"Milwaukee County, WI",55079,Black or African American,2054-5,Excluded,14.07
"Unidentified Counties, WI",55999,Black or African American,2054-5,9th through 12th grade with no diploma,17.09
"Unidentified Counties, WI",55999,Black or African American,2054-5,High school graduate or GED completed,13.71
"Unidentified Counties, WI",55999,Black or African American,2054-5,"Some college credit, but not a degree",15.27
"Unidentified Counties, WI",55999,Black or African American,2054-5,Excluded,12.52