,Area name,GEOID,Race,Race Code,Education,Death Rate
0,Jefferson County,1073,Black or African American,2054-5,9th through 12th grade with no diploma,14.18
1,Jefferson County,1073,Black or African American,2054-5,High school graduate or GED completed,12.23
2,Jefferson County,1073,Black or African American,2054-5,"Some college credit, but not a degree",14.79
3,Jefferson County,1073,Black or African American,2054-5,"Associate degree (AA, AS)",14.75
4,Jefferson County,1073,Black or African American,2054-5,"Bachelor's degree (BA, AB, BS)",15.37
5,Jefferson County,1073,Black or African American,2054-5,Excluded,16.08
6,Madison County,1089,Black or African American,2054-5,9th through 12th grade with no diploma,24.61
7,Madison County,1089,Black or African American,2054-5,High school graduate or GED completed,10.77
8,Madison County,1089,Black or African American,2054-5,"Some college credit, but not a degree",11.24
9,Madison County,1089,Black or African American,2054-5,Excluded,12.31
10,Mobile County,1097,Black or African American,2054-5,9th through 12th grade with no diploma,15.01
11,Mobile County,1097,Black or African American,2054-5,High school graduate or GED completed,14.33
12,Mobile County,1097,Black or African American,2054-5,"Some college credit, but not a degree",12.89
13,Mobile County,1097,Black or African American,2054-5,Excluded,11.87
14,Unidentified Counties,1999,Black or African American,2054-5,9th through 12th grade with no diploma,14.14
15,Unidentified Counties,1999,Black or African American,2054-5,High school graduate or GED completed,14.26
16,Unidentified Counties,1999,Black or African American,2054-5,"Some college credit, but not a degree",12.45
17,Unidentified Counties,1999,Black or African American,2054-5,"Associate degree (AA, AS)",10.19
18,Unidentified Counties,1999,Black or African American,2054-5,"Bachelor's degree (BA, AB, BS)",13.11
19,Unidentified Counties,1999,Black or African American,2054-5,"Master's degree (MA, MS)",10.26
20,Unidentified Counties,1999,Black or African American,2054-5,Excluded,12.84
21,Anchorage Borough,2020,Black or African American,2054-5,Excluded,7.36
22,Unidentified Counties,2999,Black or African American,2054-5,Excluded,9.83
23,Maricopa County,4013,Black or African American,2054-5,9th through 12th grade with no diploma,10.43
24,Maricopa County,4013,Black or African American,2054-5,High school graduate or GED completed,10
25,Maricopa County,4013,Black or African American,2054-5,"Some college credit, but not a degree",9.7
26,Maricopa County,4013,Black or African American,2054-5,"Bachelor's degree (BA, AB, BS)",10.02
27,Maricopa County,4013,Black or African American,2054-5,Excluded,12.43
28,Pima County,4019,Black or African American,2054-5,Excluded,11.25
29,Unidentified Counties,4999,Black or African American,2054-5,Excluded,9.79
30,Pulaski County,5119,Black or African American,2054-5,9th through 12th grade with no diploma,17.68
31,Pulaski County,5119,Black or African American,2054-5,High school graduate or GED completed,10.61
32,Pulaski County,5119,Black or African American,2054-5,"Some college credit, but not a degree",8.22
33,Pulaski County,5119,Black or African American,2054-5,Excluded,13.13
34,Unidentified Counties,5999,Black or African American,2054-5,9th through 12th grade with no diploma,11.93
35,Unidentified Counties,5999,Black or African American,2054-5,High school graduate or GED completed,12.7
36,Unidentified Counties,5999,Black or African American,2054-5,"Some college credit, but not a degree",9.7
37,Unidentified Counties,5999,Black or African American,2054-5,"Bachelor's degree (BA, AB, BS)",11.48
38,Unidentified Counties,5999,Black or African American,2054-5,Excluded,10.77
39,Alameda County,6001,Black or African American,2054-5,9th through 12th grade with no diploma,9.91
40,Alameda County,6001,Black or African American,2054-5,High school graduate or GED completed,9.98
41,Alameda County,6001,Black or African American,2054-5,"Some college credit, but not a degree",6.46
42,Alameda County,6001,Black or African American,2054-5,"Associate degree (AA, AS)",13.32
43,Alameda County,6001,Black or African American,2054-5,"Bachelor's degree (BA, AB, BS)",5.48
44,Alameda County,6001,Black or African American,2054-5,Unknown/Not on certificate,15.77
45,Contra Costa County,6013,Black or African American,2054-5,9th through 12th grade with no diploma,10.27
46,Contra Costa County,6013,Black or African American,2054-5,High school graduate or GED completed,9.11
47,Contra Costa County,6013,Black or African American,2054-5,"Some college credit, but not a degree",7.86
48,Fresno County,6019,Black or African American,2054-5,9th through 12th grade with no diploma,16.5
49,Fresno County,6019,Black or African American,2054-5,High school graduate or GED completed,14.8
50,Fresno County,6019,Black or African American,2054-5,"Some college credit, but not a degree",16.57
51,Fresno County,6019,Black or African American,2054-5,"Associate degree (AA, AS)",19.12
52,Fresno County,6019,Black or African American,2054-5,Unknown/Not on certificate,25.88
53,Kern County,6029,Black or African American,2054-5,9th through 12th grade with no diploma,19.42
54,Kern County,6029,Black or African American,2054-5,High school graduate or GED completed,7.33
55,Kern County,6029,Black or African American,2054-5,"Some college credit, but not a degree",8.56
56,Los Angeles County,6037,Black or African American,2054-5,9th through 12th grade with no diploma,11.03
57,Los Angeles County,6037,Black or African American,2054-5,High school graduate or GED completed,9.72
58,Los Angeles County,6037,Black or African American,2054-5,"Some college credit, but not a degree",8.09
59,Los Angeles County,6037,Black or African American,2054-5,"Associate degree (AA, AS)",6.96
60,Los Angeles County,6037,Black or African American,2054-5,"Bachelor's degree (BA, AB, BS)",7.11
61,Los Angeles County,6037,Black or African American,2054-5,"Master's degree (MA, MS)",4.4
62,Los Angeles County,6037,Black or African American,2054-5,"Doctorate (PHD, EdD) or Professional Degree (MD, DDS, DVM, LLB, JD)",6.79
63,Los Angeles County,6037,Black or African American,2054-5,Unknown/Not on certificate,25.36
64,Orange County,6059,Black or African American,2054-5,High school graduate or GED completed,7.7
65,Orange County,6059,Black or African American,2054-5,"Some college credit, but not a degree",8.66
66,Riverside County,6065,Black or African American,2054-5,9th through 12th grade with no diploma,12.31
67,Riverside County,6065,Black or African American,2054-5,High school graduate or GED completed,9.5
68,Riverside County,6065,Black or African American,2054-5,"Some college credit, but not a degree",9
69,Riverside County,6065,Black or African American,2054-5,"Associate degree (AA, AS)",8.17
70,Riverside County,6065,Black or African American,2054-5,"Bachelor's degree (BA, AB, BS)",6.97
71,Riverside County,6065,Black or African American,2054-5,Unknown/Not on certificate,22.83
72,Sacramento County,6067,Black or African American,2054-5,9th through 12th grade with no diploma,12.63
73,Sacramento County,6067,Black or African American,2054-5,High school graduate or GED completed,10.9
74,Sacramento County,6067,Black or African American,2054-5,"Some college credit, but not a degree",8.11
75,Sacramento County,6067,Black or African American,2054-5,Unknown/Not on certificate,14.07
76,San Bernardino County,6071,Black or African American,2054-5,9th through 12th grade with no diploma,10.64
77,San Bernardino County,6071,Black or African American,2054-5,High school graduate or GED completed,12.26
78,San Bernardino County,6071,Black or African American,2054-5,"Some college credit, but not a degree",11.54
79,San Bernardino County,6071,Black or African American,2054-5,"Associate degree (AA, AS)",14.58
80,San Bernardino County,6071,Black or African American,2054-5,"Bachelor's degree (BA, AB, BS)",5.28
81,San Bernardino County,6071,Black or African American,2054-5,"Master's degree (MA, MS)",10.5
82,San Diego County,6073,Black or African American,2054-5,9th through 12th grade with no diploma,4.81
83,San Diego County,6073,Black or African American,2054-5,High school graduate or GED completed,9.43
84,San Diego County,6073,Black or African American,2054-5,"Some college credit, but not a degree",7.75
85,San Diego County,6073,Black or African American,2054-5,"Associate degree (AA, AS)",10.25
86,San Diego County,6073,Black or African American,2054-5,"Bachelor's degree (BA, AB, BS)",7.07
87,San Diego County,6073,Black or African American,2054-5,Unknown/Not on certificate,12.18
88,San Francisco County,6075,Black or African American,2054-5,9th through 12th grade with no diploma,10.48
89,San Francisco County,6075,Black or African American,2054-5,High school graduate or GED completed,12.62
90,San Francisco County,6075,Black or African American,2054-5,"Some college credit, but not a degree",8.56
91,San Francisco County,6075,Black or African American,2054-5,Unknown/Not on certificate,42.02
92,San Joaquin County,6077,Black or African American,2054-5,9th through 12th grade with no diploma,13.91
93,San Joaquin County,6077,Black or African American,2054-5,High school graduate or GED completed,12.85
94,San Joaquin County,6077,Black or African American,2054-5,"Some college credit, but not a degree",13.08
95,Santa Clara County,6085,Black or African American,2054-5,"Some college credit, but not a degree",7.78
96,Solano County,6095,Black or African American,2054-5,High school graduate or GED completed,10.87
97,Solano County,6095,Black or African American,2054-5,"Some college credit, but not a degree",7.76
98,Stanislaus County,6099,Black or African American,2054-5,High school graduate or GED completed,14.33
99,Unidentified Counties,6999,Black or African American,2054-5,High school graduate or GED completed,6.55
100,Unidentified Counties,6999,Black or African American,2054-5,"Some college credit, but not a degree",12.47
101,Adams County,8001,Black or African American,2054-5,"Some college credit, but not a degree",19.45
102,Arapahoe County,8005,Black or African American,2054-5,9th through 12th grade with no diploma,13.05
103,Arapahoe County,8005,Black or African American,2054-5,High school graduate or GED completed,9.25
104,Arapahoe County,8005,Black or African American,2054-5,"Some college credit, but not a degree",8.23
105,Arapahoe County,8005,Black or African American,2054-5,"Bachelor's degree (BA, AB, BS)",15
106,Arapahoe County,8005,Black or African American,2054-5,Excluded,15.34
107,Denver County,8031,Black or African American,2054-5,9th through 12th grade with no diploma,10.9
108,Denver County,8031,Black or African American,2054-5,High school graduate or GED completed,12.19
109,Denver County,8031,Black or African American,2054-5,"Some college credit, but not a degree",7.57
110,Denver County,8031,Black or African American,2054-5,Excluded,10.93
111,El Paso County,8041,Black or African American,2054-5,High school graduate or GED completed,12.22
112,El Paso County,8041,Black or African American,2054-5,"Some college credit, but not a degree",8.35
113,Fairfield County,9001,Black or African American,2054-5,Excluded,10.51
114,Hartford County,9003,Black or African American,2054-5,Excluded,11.3
115,New Haven County,9009,Black or African American,2054-5,Excluded,10.52
116,New London County,9011,Black or African American,2054-5,Excluded,10.33
117,Unidentified Counties,9999,Black or African American,2054-5,Excluded,9.46
118,New Castle County,10003,Black or African American,2054-5,9th through 12th grade with no diploma,14.63
119,New Castle County,10003,Black or African American,2054-5,High school graduate or GED completed,17.79
120,New Castle County,10003,Black or African American,2054-5,"Some college credit, but not a degree",12.59
121,New Castle County,10003,Black or African American,2054-5,"Associate degree (AA, AS)",19.25
122,New Castle County,10003,Black or African American,2054-5,"Bachelor's degree (BA, AB, BS)",9.51
123,New Castle County,10003,Black or African American,2054-5,"Master's degree (MA, MS)",8.25
124,New Castle County,10003,Black or African American,2054-5,Unknown/Not on certificate,48.89
125,Unidentified Counties,10999,Black or African American,2054-5,9th through 12th grade with no diploma,8.66
126,Unidentified Counties,10999,Black or African American,2054-5,High school graduate or GED completed,10.5
127,Unidentified Counties,10999,Black or African American,2054-5,"Some college credit, but not a degree",9.45
128,District of Columbia,11001,Black or African American,2054-5,9th through 12th grade with no diploma,9.66
129,District of Columbia,11001,Black or African American,2054-5,High school graduate or GED completed,10.74
130,District of Columbia,11001,Black or African American,2054-5,"Some college credit, but not a degree",9.59
131,District of Columbia,11001,Black or African American,2054-5,"Associate degree (AA, AS)",16.1
132,District of Columbia,11001,Black or African American,2054-5,"Bachelor's degree (BA, AB, BS)",10.39
133,District of Columbia,11001,Black or African American,2054-5,Unknown/Not on certificate,82.27
134,District of Columbia,11001,Black or African American,2054-5,Excluded,14.18
135,Brevard County,12009,Black or African American,2054-5,9th through 12th grade with no diploma,18.82
136,Brevard County,12009,Black or African American,2054-5,High school graduate or GED completed,10.12
137,Brevard County,12009,Black or African American,2054-5,"Some college credit, but not a degree",12.21
138,Broward County,12011,Black or African American,2054-5,8th grade or less,11.21
139,Broward County,12011,Black or African American,2054-5,9th through 12th grade with no diploma,9.04
140,Broward County,12011,Black or African American,2054-5,High school graduate or GED completed,9.07
141,Broward County,12011,Black or African American,2054-5,"Some college credit, but not a degree",7.29
142,Broward County,12011,Black or African American,2054-5,"Associate degree (AA, AS)",6.68
143,Broward County,12011,Black or African American,2054-5,"Bachelor's degree (BA, AB, BS)",6.75
144,Broward County,12011,Black or African American,2054-5,"Master's degree (MA, MS)",7.57
145,Broward County,12011,Black or African American,2054-5,Unknown/Not on certificate,59.45
146,Collier County,12021,Black or African American,2054-5,High school graduate or GED completed,13.22
147,Duval County,12031,Black or African American,2054-5,8th grade or less,10.87
148,Duval County,12031,Black or African American,2054-5,9th through 12th grade with no diploma,12.93
149,Duval County,12031,Black or African American,2054-5,High school graduate or GED completed,11.25
150,Duval County,12031,Black or African American,2054-5,"Some college credit, but not a degree",12.73
151,Duval County,12031,Black or African American,2054-5,"Associate degree (AA, AS)",7.19
152,Duval County,12031,Black or African American,2054-5,"Bachelor's degree (BA, AB, BS)",13.25
153,Duval County,12031,Black or African American,2054-5,"Master's degree (MA, MS)",10.29
154,Duval County,12031,Black or African American,2054-5,Unknown/Not on certificate,210.14
155,Escambia County,12033,Black or African American,2054-5,9th through 12th grade with no diploma,15.23
156,Escambia County,12033,Black or African American,2054-5,High school graduate or GED completed,12.4
157,Escambia County,12033,Black or African American,2054-5,"Some college credit, but not a degree",11.51
158,Hillsborough County,12057,Black or African American,2054-5,8th grade or less,18.55
159,Hillsborough County,12057,Black or African American,2054-5,9th through 12th grade with no diploma,16.07
160,Hillsborough County,12057,Black or African American,2054-5,High school graduate or GED completed,14.21
161,Hillsborough County,12057,Black or African American,2054-5,"Some college credit, but not a degree",14.88
162,Hillsborough County,12057,Black or African American,2054-5,"Associate degree (AA, AS)",13.43
163,Hillsborough County,12057,Black or African American,2054-5,"Bachelor's degree (BA, AB, BS)",8.8
164,Hillsborough County,12057,Black or African American,2054-5,Unknown/Not on certificate,102.47
165,Lake County,12069,Black or African American,2054-5,High school graduate or GED completed,20.44
166,Lee County,12071,Black or African American,2054-5,9th through 12th grade with no diploma,10.95
167,Lee County,12071,Black or African American,2054-5,High school graduate or GED completed,13.99
168,Lee County,12071,Black or African American,2054-5,"Some college credit, but not a degree",13.11
169,Leon County,12073,Black or African American,2054-5,High school graduate or GED completed,10.34
170,Leon County,12073,Black or African American,2054-5,"Some college credit, but not a degree",9.56
171,Manatee County,12081,Black or African American,2054-5,9th through 12th grade with no diploma,15.08
172,Manatee County,12081,Black or African American,2054-5,High school graduate or GED completed,15.72
173,Marion County,12083,Black or African American,2054-5,9th through 12th grade with no diploma,14.42
174,Marion County,12083,Black or African American,2054-5,High school graduate or GED completed,16.45
175,Marion County,12083,Black or African American,2054-5,"Some college credit, but not a degree",11.18
176,Miami-Dade County,12086,Black or African American,2054-5,8th grade or less,15.01
177,Miami-Dade County,12086,Black or African American,2054-5,9th through 12th grade with no diploma,11.99
178,Miami-Dade County,12086,Black or African American,2054-5,High school graduate or GED completed,9.23
179,Miami-Dade County,12086,Black or African American,2054-5,"Some college credit, but not a degree",7.59
180,Miami-Dade County,12086,Black or African American,2054-5,"Associate degree (AA, AS)",7.83
181,Miami-Dade County,12086,Black or African American,2054-5,"Bachelor's degree (BA, AB, BS)",6.87
182,Miami-Dade County,12086,Black or African American,2054-5,"Master's degree (MA, MS)",6.88
183,Miami-Dade County,12086,Black or African American,2054-5,Unknown/Not on certificate,85.25
184,Orange County,12095,Black or African American,2054-5,9th through 12th grade with no diploma,12.25
185,Orange County,12095,Black or African American,2054-5,High school graduate or GED completed,10.92
186,Orange County,12095,Black or African American,2054-5,"Some college credit, but not a degree",11.55
187,Orange County,12095,Black or African American,2054-5,"Associate degree (AA, AS)",10.75
188,Orange County,12095,Black or African American,2054-5,"Bachelor's degree (BA, AB, BS)",8.22
189,Orange County,12095,Black or African American,2054-5,"Master's degree (MA, MS)",8.54
190,Orange County,12095,Black or African American,2054-5,Unknown/Not on certificate,121.09
191,Palm Beach County,12099,Black or African American,2054-5,8th grade or less,8.02
192,Palm Beach County,12099,Black or African American,2054-5,9th through 12th grade with no diploma,10.95
193,Palm Beach County,12099,Black or African American,2054-5,High school graduate or GED completed,9.73
194,Palm Beach County,12099,Black or African American,2054-5,"Some college credit, but not a degree",6.7
195,Palm Beach County,12099,Black or African American,2054-5,"Associate degree (AA, AS)",8.1
196,Palm Beach County,12099,Black or African American,2054-5,"Bachelor's degree (BA, AB, BS)",5.19
197,Palm Beach County,12099,Black or African American,2054-5,Unknown/Not on certificate,31.25
198,Pasco County,12101,Black or African American,2054-5,High school graduate or GED completed,9.98
199,Pinellas County,12103,Black or African American,2054-5,9th through 12th grade with no diploma,15.51
200,Pinellas County,12103,Black or African American,2054-5,High school graduate or GED completed,12.66
201,Pinellas County,12103,Black or African American,2054-5,"Some college credit, but not a degree",12.39
202,Pinellas County,12103,Black or African American,2054-5,"Associate degree (AA, AS)",14.1
203,Pinellas County,12103,Black or African American,2054-5,Unknown/Not on certificate,53.25
204,Polk County,12105,Black or African American,2054-5,9th through 12th grade with no diploma,10.1
205,Polk County,12105,Black or African American,2054-5,High school graduate or GED completed,12.75
206,Polk County,12105,Black or African American,2054-5,"Some college credit, but not a degree",11.92
207,Polk County,12105,Black or African American,2054-5,"Associate degree (AA, AS)",10.81
208,Polk County,12105,Black or African American,2054-5,Unknown/Not on certificate,200
209,St. Lucie County,12111,Black or African American,2054-5,High school graduate or GED completed,9.69
210,Sarasota County,12115,Black or African American,2054-5,High school graduate or GED completed,7.3
211,Seminole County,12117,Black or African American,2054-5,9th through 12th grade with no diploma,21.2
212,Seminole County,12117,Black or African American,2054-5,High school graduate or GED completed,11.05
213,Seminole County,12117,Black or African American,2054-5,"Some college credit, but not a degree",7.58
214,Seminole County,12117,Black or African American,2054-5,"Bachelor's degree (BA, AB, BS)",12.4
215,Volusia County,12127,Black or African American,2054-5,9th through 12th grade with no diploma,12.77
216,Volusia County,12127,Black or African American,2054-5,High school graduate or GED completed,13.17
217,Volusia County,12127,Black or African American,2054-5,"Some college credit, but not a degree",10
218,Unidentified Counties,12999,Black or African American,2054-5,8th grade or less,15.52
219,Unidentified Counties,12999,Black or African American,2054-5,9th through 12th grade with no diploma,14.18
220,Unidentified Counties,12999,Black or African American,2054-5,High school graduate or GED completed,12.1
221,Unidentified Counties,12999,Black or African American,2054-5,"Some college credit, but not a degree",11.23
222,Unidentified Counties,12999,Black or African American,2054-5,"Associate degree (AA, AS)",11.41
223,Unidentified Counties,12999,Black or African American,2054-5,"Bachelor's degree (BA, AB, BS)",9.65
224,Unidentified Counties,12999,Black or African American,2054-5,"Master's degree (MA, MS)",8.98
225,Unidentified Counties,12999,Black or African American,2054-5,Unknown/Not on certificate,37.29
226,Chatham County,13051,Black or African American,2054-5,9th through 12th grade with no diploma,17.62
227,Chatham County,13051,Black or African American,2054-5,High school graduate or GED completed,12.99
228,Chatham County,13051,Black or African American,2054-5,"Some college credit, but not a degree",9.74
229,Clayton County,13063,Black or African American,2054-5,High school graduate or GED completed,13.81
230,Clayton County,13063,Black or African American,2054-5,"Some college credit, but not a degree",8.08
231,Cobb County,13067,Black or African American,2054-5,9th through 12th grade with no diploma,13.52
232,Cobb County,13067,Black or African American,2054-5,High school graduate or GED completed,10.39
233,Cobb County,13067,Black or African American,2054-5,"Some college credit, but not a degree",9.39
234,Cobb County,13067,Black or African American,2054-5,"Bachelor's degree (BA, AB, BS)",9.23
235,Cobb County,13067,Black or African American,2054-5,"Master's degree (MA, MS)",7.54
236,Cobb County,13067,Black or African American,2054-5,Unknown/Not on certificate,22.29
237,Cobb County,13067,Black or African American,2054-5,Excluded,11.92
238,DeKalb County,13089,Black or African American,2054-5,9th through 12th grade with no diploma,9.51
239,DeKalb County,13089,Black or African American,2054-5,High school graduate or GED completed,10.03
240,DeKalb County,13089,Black or African American,2054-5,"Some college credit, but not a degree",7.61
241,DeKalb County,13089,Black or African American,2054-5,"Associate degree (AA, AS)",7.69
242,DeKalb County,13089,Black or African American,2054-5,"Bachelor's degree (BA, AB, BS)",7.69
243,DeKalb County,13089,Black or African American,2054-5,"Master's degree (MA, MS)",6.53
244,DeKalb County,13089,Black or African American,2054-5,Unknown/Not on certificate,26.14
245,DeKalb County,13089,Black or African American,2054-5,Excluded,10.28
246,Fulton County,13121,Black or African American,2054-5,8th grade or less,12.73
247,Fulton County,13121,Black or African American,2054-5,9th through 12th grade with no diploma,10.37
248,Fulton County,13121,Black or African American,2054-5,High school graduate or GED completed,9.29
249,Fulton County,13121,Black or African American,2054-5,"Some college credit, but not a degree",9.08
250,Fulton County,13121,Black or African American,2054-5,"Associate degree (AA, AS)",9.21
251,Fulton County,13121,Black or African American,2054-5,"Bachelor's degree (BA, AB, BS)",7.08
252,Fulton County,13121,Black or African American,2054-5,"Master's degree (MA, MS)",7.25
253,Fulton County,13121,Black or African American,2054-5,Unknown/Not on certificate,16.29
254,Fulton County,13121,Black or African American,2054-5,Excluded,12.41
255,Gwinnett County,13135,Black or African American,2054-5,9th through 12th grade with no diploma,8.14
256,Gwinnett County,13135,Black or African American,2054-5,High school graduate or GED completed,9.68
257,Gwinnett County,13135,Black or African American,2054-5,"Some college credit, but not a degree",8.82
258,Gwinnett County,13135,Black or African American,2054-5,"Associate degree (AA, AS)",6.78
259,Gwinnett County,13135,Black or African American,2054-5,"Bachelor's degree (BA, AB, BS)",7.5
260,Gwinnett County,13135,Black or African American,2054-5,"Master's degree (MA, MS)",6.14
261,Gwinnett County,13135,Black or African American,2054-5,Unknown/Not on certificate,27.69
262,Gwinnett County,13135,Black or African American,2054-5,Excluded,10.08
263,Unidentified Counties,13999,Black or African American,2054-5,8th grade or less,10.78
264,Unidentified Counties,13999,Black or African American,2054-5,9th through 12th grade with no diploma,12.5
265,Unidentified Counties,13999,Black or African American,2054-5,High school graduate or GED completed,11.67
266,Unidentified Counties,13999,Black or African American,2054-5,"Some college credit, but not a degree",10.18
267,Unidentified Counties,13999,Black or African American,2054-5,"Associate degree (AA, AS)",10.92
268,Unidentified Counties,13999,Black or African American,2054-5,"Bachelor's degree (BA, AB, BS)",9.64
269,Unidentified Counties,13999,Black or African American,2054-5,"Master's degree (MA, MS)",9.26
270,Unidentified Counties,13999,Black or African American,2054-5,Unknown/Not on certificate,26.31
271,Unidentified Counties,13999,Black or African American,2054-5,Excluded,13.06
272,Honolulu County,15003,Black or African American,2054-5,Excluded,13.32
273,Cook County,17031,Black or African American,2054-5,8th grade or less,14.66
274,Cook County,17031,Black or African American,2054-5,9th through 12th grade with no diploma,14.12
275,Cook County,17031,Black or African American,2054-5,High school graduate or GED completed,13.39
276,Cook County,17031,Black or African American,2054-5,"Some college credit, but not a degree",10.6
277,Cook County,17031,Black or African American,2054-5,"Associate degree (AA, AS)",12.51
278,Cook County,17031,Black or African American,2054-5,"Bachelor's degree (BA, AB, BS)",11.36
279,Cook County,17031,Black or African American,2054-5,"Master's degree (MA, MS)",10.39
280,Cook County,17031,Black or African American,2054-5,Unknown/Not on certificate,32.6
281,Cook County,17031,Black or African American,2054-5,Excluded,13.48
282,DuPage County,17043,Black or African American,2054-5,"Some college credit, but not a degree",8.44
283,DuPage County,17043,Black or African American,2054-5,Excluded,16.13
284,Kane County,17089,Black or African American,2054-5,9th through 12th grade with no diploma,22.88
285,Kane County,17089,Black or African American,2054-5,High school graduate or GED completed,11.96
286,Kane County,17089,Black or African American,2054-5,Excluded,7.7
287,Lake County,17097,Black or African American,2054-5,9th through 12th grade with no diploma,15.87
288,Lake County,17097,Black or African American,2054-5,High school graduate or GED completed,16.83
289,Lake County,17097,Black or African American,2054-5,"Some college credit, but not a degree",10.2
290,Lake County,17097,Black or African American,2054-5,Excluded,9.5
291,Madison County,17119,Black or African American,2054-5,9th through 12th grade with no diploma,27.33
292,Madison County,17119,Black or African American,2054-5,"Some college credit, but not a degree",14.29
293,Madison County,17119,Black or African American,2054-5,Excluded,12.96
294,St. Clair County,17163,Black or African American,2054-5,9th through 12th grade with no diploma,14.81
295,St. Clair County,17163,Black or African American,2054-5,High school graduate or GED completed,9.14
296,St. Clair County,17163,Black or African American,2054-5,"Some college credit, but not a degree",13.54
297,St. Clair County,17163,Black or African American,2054-5,Excluded,11.31
298,Will County,17197,Black or African American,2054-5,High school graduate or GED completed,12.94
299,Will County,17197,Black or African American,2054-5,"Some college credit, but not a degree",10.66
300,Will County,17197,Black or African American,2054-5,Excluded,13.65
301,Winnebago County,17201,Black or African American,2054-5,9th through 12th grade with no diploma,12.24
302,Winnebago County,17201,Black or African American,2054-5,High school graduate or GED completed,11.84
303,Winnebago County,17201,Black or African American,2054-5,Excluded,15.6
304,Unidentified Counties,17999,Black or African American,2054-5,9th through 12th grade with no diploma,17.23
305,Unidentified Counties,17999,Black or African American,2054-5,High school graduate or GED completed,13.89
306,Unidentified Counties,17999,Black or African American,2054-5,"Some college credit, but not a degree",13.03
307,Unidentified Counties,17999,Black or African American,2054-5,"Bachelor's degree (BA, AB, BS)",9.91
308,Unidentified Counties,17999,Black or African American,2054-5,"Master's degree (MA, MS)",17.43
309,Unidentified Counties,17999,Black or African American,2054-5,Excluded,14.68
310,Allen County,18003,Black or African American,2054-5,9th through 12th grade with no diploma,17.8
311,Allen County,18003,Black or African American,2054-5,High school graduate or GED completed,20.07
312,Allen County,18003,Black or African American,2054-5,"Some college credit, but not a degree",18.47
313,Allen County,18003,Black or African American,2054-5,Excluded,16.76
314,Lake County,18089,Black or African American,2054-5,9th through 12th grade with no diploma,11.75
315,Lake County,18089,Black or African American,2054-5,High school graduate or GED completed,13.44
316,Lake County,18089,Black or African American,2054-5,"Some college credit, but not a degree",11.66
317,Lake County,18089,Black or African American,2054-5,"Associate degree (AA, AS)",13.21
318,Lake County,18089,Black or African American,2054-5,"Bachelor's degree (BA, AB, BS)",10.36
319,Lake County,18089,Black or African American,2054-5,Unknown/Not on certificate,45.28
320,Lake County,18089,Black or African American,2054-5,Excluded,12.48
321,Marion County,18097,Black or African American,2054-5,9th through 12th grade with no diploma,12.8
322,Marion County,18097,Black or African American,2054-5,High school graduate or GED completed,14.52
323,Marion County,18097,Black or African American,2054-5,"Some college credit, but not a degree",12.06
324,Marion County,18097,Black or African American,2054-5,"Associate degree (AA, AS)",11.42
325,Marion County,18097,Black or African American,2054-5,"Bachelor's degree (BA, AB, BS)",12.4
326,Marion County,18097,Black or African American,2054-5,Excluded,14.95
327,St. Joseph County,18141,Black or African American,2054-5,9th through 12th grade with no diploma,15.16
328,St. Joseph County,18141,Black or African American,2054-5,High school graduate or GED completed,18.98
329,St. Joseph County,18141,Black or African American,2054-5,"Some college credit, but not a degree",12.22
330,St. Joseph County,18141,Black or African American,2054-5,Excluded,22.19
331,Unidentified Counties,18999,Black or African American,2054-5,9th through 12th grade with no diploma,13.18
332,Unidentified Counties,18999,Black or African American,2054-5,High school graduate or GED completed,15.98
333,Unidentified Counties,18999,Black or African American,2054-5,"Some college credit, but not a degree",8.3
334,Unidentified Counties,18999,Black or African American,2054-5,"Bachelor's degree (BA, AB, BS)",9.15
335,Unidentified Counties,18999,Black or African American,2054-5,Excluded,15.68
336,Polk County,19153,Black or African American,2054-5,9th through 12th grade with no diploma,9.57
337,Polk County,19153,Black or African American,2054-5,High school graduate or GED completed,16.01
338,Polk County,19153,Black or African American,2054-5,"Some college credit, but not a degree",7.52
339,Polk County,19153,Black or African American,2054-5,Excluded,17.18
340,Unidentified Counties,19999,Black or African American,2054-5,9th through 12th grade with no diploma,12.67
341,Unidentified Counties,19999,Black or African American,2054-5,High school graduate or GED completed,10.22
342,Unidentified Counties,19999,Black or African American,2054-5,"Some college credit, but not a degree",9.2
343,Unidentified Counties,19999,Black or African American,2054-5,Excluded,9.86
344,Johnson County,20091,Black or African American,2054-5,High school graduate or GED completed,15.48
345,Johnson County,20091,Black or African American,2054-5,"Some college credit, but not a degree",12.58
346,Sedgwick County,20173,Black or African American,2054-5,9th through 12th grade with no diploma,18.92
347,Sedgwick County,20173,Black or African American,2054-5,High school graduate or GED completed,14.96
348,Sedgwick County,20173,Black or African American,2054-5,"Some college credit, but not a degree",12.87
349,Sedgwick County,20173,Black or African American,2054-5,"Associate degree (AA, AS)",33.51
350,Unidentified Counties,20999,Black or African American,2054-5,9th through 12th grade with no diploma,13.39
351,Unidentified Counties,20999,Black or African American,2054-5,High school graduate or GED completed,13.54
352,Unidentified Counties,20999,Black or African American,2054-5,"Some college credit, but not a degree",10.4
353,Unidentified Counties,20999,Black or African American,2054-5,"Associate degree (AA, AS)",13.7
354,Fayette County,21067,Black or African American,2054-5,9th through 12th grade with no diploma,10.95
355,Fayette County,21067,Black or African American,2054-5,High school graduate or GED completed,8.4
356,Fayette County,21067,Black or African American,2054-5,"Some college credit, but not a degree",12.46
357,Jefferson County,21111,Black or African American,2054-5,9th through 12th grade with no diploma,12.27
358,Jefferson County,21111,Black or African American,2054-5,High school graduate or GED completed,11.29
359,Jefferson County,21111,Black or African American,2054-5,"Some college credit, but not a degree",9.73
360,Jefferson County,21111,Black or African American,2054-5,"Associate degree (AA, AS)",9.09
361,Jefferson County,21111,Black or African American,2054-5,"Bachelor's degree (BA, AB, BS)",6.33
362,Unidentified Counties,21999,Black or African American,2054-5,9th through 12th grade with no diploma,10.41
363,Unidentified Counties,21999,Black or African American,2054-5,High school graduate or GED completed,13.41
364,Unidentified Counties,21999,Black or African American,2054-5,"Some college credit, but not a degree",10.5
365,Unidentified Counties,21999,Black or African American,2054-5,"Associate degree (AA, AS)",14.05
366,Unidentified Counties,21999,Black or African American,2054-5,"Bachelor's degree (BA, AB, BS)",7.07
367,Caddo Parish,22017,Black or African American,2054-5,9th through 12th grade with no diploma,18.25
368,Caddo Parish,22017,Black or African American,2054-5,High school graduate or GED completed,14.4
369,Caddo Parish,22017,Black or African American,2054-5,"Some college credit, but not a degree",15.52
370,Caddo Parish,22017,Black or African American,2054-5,Excluded,18.83
371,East Baton Rouge Parish,22033,Black or African American,2054-5,8th grade or less,16.23
372,East Baton Rouge Parish,22033,Black or African American,2054-5,9th through 12th grade with no diploma,19.02
373,East Baton Rouge Parish,22033,Black or African American,2054-5,High school graduate or GED completed,15.11
374,East Baton Rouge Parish,22033,Black or African American,2054-5,"Some college credit, but not a degree",15.31
375,East Baton Rouge Parish,22033,Black or African American,2054-5,"Bachelor's degree (BA, AB, BS)",10.75
376,East Baton Rouge Parish,22033,Black or African American,2054-5,"Master's degree (MA, MS)",19.15
377,East Baton Rouge Parish,22033,Black or African American,2054-5,Excluded,14.17
378,Jefferson Parish,22051,Black or African American,2054-5,9th through 12th grade with no diploma,11.72
379,Jefferson Parish,22051,Black or African American,2054-5,High school graduate or GED completed,9.63
380,Jefferson Parish,22051,Black or African American,2054-5,"Some college credit, but not a degree",8.88
381,Jefferson Parish,22051,Black or African American,2054-5,"Bachelor's degree (BA, AB, BS)",12.78
382,Jefferson Parish,22051,Black or African American,2054-5,Excluded,9.98
383,Orleans Parish,22071,Black or African American,2054-5,9th through 12th grade with no diploma,9.78
384,Orleans Parish,22071,Black or African American,2054-5,High school graduate or GED completed,9.92
385,Orleans Parish,22071,Black or African American,2054-5,"Some college credit, but not a degree",6.87
386,Orleans Parish,22071,Black or African American,2054-5,Excluded,10.32
387,Unidentified Counties,22999,Black or African American,2054-5,8th grade or less,9.52
388,Unidentified Counties,22999,Black or African American,2054-5,9th through 12th grade with no diploma,11.58
389,Unidentified Counties,22999,Black or African American,2054-5,High school graduate or GED completed,11.76
390,Unidentified Counties,22999,Black or African American,2054-5,"Some college credit, but not a degree",9.27
391,Unidentified Counties,22999,Black or African American,2054-5,"Associate degree (AA, AS)",10.76
392,Unidentified Counties,22999,Black or African American,2054-5,"Bachelor's degree (BA, AB, BS)",7.49
393,Unidentified Counties,22999,Black or African American,2054-5,"Master's degree (MA, MS)",12.01
394,Unidentified Counties,22999,Black or African American,2054-5,Unknown/Not on certificate,23.35
395,Unidentified Counties,22999,Black or African American,2054-5,Excluded,11.37
396,Cumberland County,23005,Black or African American,2054-5,Excluded,9.7
397,Unidentified Counties,23999,Black or African American,2054-5,Excluded,10.33
398,Anne Arundel County,24003,Black or African American,2054-5,"Some college credit, but not a degree",10.43
399,Anne Arundel County,24003,Black or African American,2054-5,"Bachelor's degree (BA, AB, BS)",8.93
400,Anne Arundel County,24003,Black or African American,2054-5,Excluded,10.5
401,Baltimore County,24005,Black or African American,2054-5,9th through 12th grade with no diploma,13.34
402,Baltimore County,24005,Black or African American,2054-5,High school graduate or GED completed,9.96
403,Baltimore County,24005,Black or African American,2054-5,"Some college credit, but not a degree",9.67
404,Baltimore County,24005,Black or African American,2054-5,"Associate degree (AA, AS)",13.54
405,Baltimore County,24005,Black or African American,2054-5,"Bachelor's degree (BA, AB, BS)",7.73
406,Baltimore County,24005,Black or African American,2054-5,"Master's degree (MA, MS)",7.37
407,Baltimore County,24005,Black or African American,2054-5,Unknown/Not on certificate,124.09
408,Baltimore County,24005,Black or African American,2054-5,Excluded,12.37
409,Montgomery County,24031,Black or African American,2054-5,9th through 12th grade with no diploma,10.15
410,Montgomery County,24031,Black or African American,2054-5,High school graduate or GED completed,11.33
411,Montgomery County,24031,Black or African American,2054-5,"Some college credit, but not a degree",7.99
412,Montgomery County,24031,Black or African American,2054-5,"Associate degree (AA, AS)",8.03
413,Montgomery County,24031,Black or African American,2054-5,"Bachelor's degree (BA, AB, BS)",8.29
414,Montgomery County,24031,Black or African American,2054-5,"Master's degree (MA, MS)",7.67
415,Montgomery County,24031,Black or African American,2054-5,Unknown/Not on certificate,48.31
416,Montgomery County,24031,Black or African American,2054-5,Excluded,9.39
417,Prince George's County,24033,Black or African American,2054-5,9th through 12th grade with no diploma,12.73
418,Prince George's County,24033,Black or African American,2054-5,High school graduate or GED completed,11.08
419,Prince George's County,24033,Black or African American,2054-5,"Some college credit, but not a degree",9.69
420,Prince George's County,24033,Black or African American,2054-5,"Associate degree (AA, AS)",7.63
421,Prince George's County,24033,Black or African American,2054-5,"Bachelor's degree (BA, AB, BS)",8.12
422,Prince George's County,24033,Black or African American,2054-5,"Master's degree (MA, MS)",7.42
423,Prince George's County,24033,Black or African American,2054-5,Unknown/Not on certificate,46.36
424,Prince George's County,24033,Black or African American,2054-5,Excluded,12.38
425,Baltimore city,24510,Black or African American,2054-5,9th through 12th grade with no diploma,10.04
426,Baltimore city,24510,Black or African American,2054-5,High school graduate or GED completed,13.89
427,Baltimore city,24510,Black or African American,2054-5,"Some college credit, but not a degree",8.81
428,Baltimore city,24510,Black or African American,2054-5,"Associate degree (AA, AS)",9.55
429,Baltimore city,24510,Black or African American,2054-5,"Bachelor's degree (BA, AB, BS)",8.23
430,Baltimore city,24510,Black or African American,2054-5,"Master's degree (MA, MS)",11.55
431,Baltimore city,24510,Black or African American,2054-5,Unknown/Not on certificate,218.54
432,Baltimore city,24510,Black or African American,2054-5,Excluded,15.78
433,Unidentified Counties,24999,Black or African American,2054-5,9th through 12th grade with no diploma,11.92
434,Unidentified Counties,24999,Black or African American,2054-5,High school graduate or GED completed,14.3
435,Unidentified Counties,24999,Black or African American,2054-5,"Some college credit, but not a degree",11.55
436,Unidentified Counties,24999,Black or African American,2054-5,"Associate degree (AA, AS)",9.7
437,Unidentified Counties,24999,Black or African American,2054-5,"Bachelor's degree (BA, AB, BS)",9.5
438,Unidentified Counties,24999,Black or African American,2054-5,"Master's degree (MA, MS)",6.21
439,Unidentified Counties,24999,Black or African American,2054-5,Unknown/Not on certificate,71.01
440,Unidentified Counties,24999,Black or African American,2054-5,Excluded,11.81
441,Bristol County,25005,Black or African American,2054-5,Excluded,11.54
442,Essex County,25009,Black or African American,2054-5,Excluded,6.49
443,Hampden County,25013,Black or African American,2054-5,Excluded,9.59
444,Middlesex County,25017,Black or African American,2054-5,"Some college credit, but not a degree",6.9
445,Middlesex County,25017,Black or African American,2054-5,Excluded,7.4
446,Norfolk County,25021,Black or African American,2054-5,Excluded,5.49
447,Plymouth County,25023,Black or African American,2054-5,Excluded,7.83
448,Suffolk County,25025,Black or African American,2054-5,9th through 12th grade with no diploma,6.52
449,Suffolk County,25025,Black or African American,2054-5,High school graduate or GED completed,9.74
450,Suffolk County,25025,Black or African American,2054-5,"Some college credit, but not a degree",7.35
451,Suffolk County,25025,Black or African American,2054-5,"Bachelor's degree (BA, AB, BS)",8.41
452,Suffolk County,25025,Black or African American,2054-5,Excluded,7.57
453,Worcester County,25027,Black or African American,2054-5,"Some college credit, but not a degree",11.78
454,Worcester County,25027,Black or African American,2054-5,Excluded,9.17
455,Unidentified Counties,25999,Black or African American,2054-5,Excluded,9.15
456,Genesee County,26049,Black or African American,2054-5,9th through 12th grade with no diploma,16.27
457,Genesee County,26049,Black or African American,2054-5,High school graduate or GED completed,12.03
458,Genesee County,26049,Black or African American,2054-5,"Some college credit, but not a degree",14.97
459,Genesee County,26049,Black or African American,2054-5,Excluded,14.58
460,Ingham County,26065,Black or African American,2054-5,High school graduate or GED completed,12.56
461,Ingham County,26065,Black or African American,2054-5,"Some college credit, but not a degree",9.83
462,Ingham County,26065,Black or African American,2054-5,Excluded,12.71
463,Kent County,26081,Black or African American,2054-5,9th through 12th grade with no diploma,13.43
464,Kent County,26081,Black or African American,2054-5,High school graduate or GED completed,11.9
465,Kent County,26081,Black or African American,2054-5,"Some college credit, but not a degree",13.86
466,Kent County,26081,Black or African American,2054-5,Excluded,10.97
467,Macomb County,26099,Black or African American,2054-5,9th through 12th grade with no diploma,15.07
468,Macomb County,26099,Black or African American,2054-5,High school graduate or GED completed,7.75
469,Macomb County,26099,Black or African American,2054-5,"Some college credit, but not a degree",8.2
470,Macomb County,26099,Black or African American,2054-5,"Associate degree (AA, AS)",17.14
471,Macomb County,26099,Black or African American,2054-5,Unknown/Not on certificate,32.84
472,Macomb County,26099,Black or African American,2054-5,Excluded,11.88
473,Oakland County,26125,Black or African American,2054-5,9th through 12th grade with no diploma,10.01
474,Oakland County,26125,Black or African American,2054-5,High school graduate or GED completed,14.68
475,Oakland County,26125,Black or African American,2054-5,"Some college credit, but not a degree",13.12
476,Oakland County,26125,Black or African American,2054-5,"Associate degree (AA, AS)",11.5
477,Oakland County,26125,Black or African American,2054-5,"Bachelor's degree (BA, AB, BS)",8.19
478,Oakland County,26125,Black or African American,2054-5,Excluded,13.93
479,Washtenaw County,26161,Black or African American,2054-5,High school graduate or GED completed,15.37
480,Washtenaw County,26161,Black or African American,2054-5,"Some college credit, but not a degree",9.18
481,Washtenaw County,26161,Black or African American,2054-5,Excluded,13.95
482,Wayne County,26163,Black or African American,2054-5,9th through 12th grade with no diploma,15.13
483,Wayne County,26163,Black or African American,2054-5,High school graduate or GED completed,12.57
484,Wayne County,26163,Black or African American,2054-5,"Some college credit, but not a degree",13.64
485,Wayne County,26163,Black or African American,2054-5,"Associate degree (AA, AS)",9.29
486,Wayne County,26163,Black or African American,2054-5,"Bachelor's degree (BA, AB, BS)",7.48
487,Wayne County,26163,Black or African American,2054-5,Unknown/Not on certificate,40.08
488,Wayne County,26163,Black or African American,2054-5,Excluded,15.63
489,Unidentified Counties,26999,Black or African American,2054-5,9th through 12th grade with no diploma,16.92
490,Unidentified Counties,26999,Black or African American,2054-5,High school graduate or GED completed,15.29
491,Unidentified Counties,26999,Black or African American,2054-5,"Some college credit, but not a degree",12.1
492,Unidentified Counties,26999,Black or African American,2054-5,Excluded,15.25
493,Anoka County,27003,Black or African American,2054-5,Excluded,8.75
494,Dakota County,27037,Black or African American,2054-5,Excluded,6.28
495,Hennepin County,27053,Black or African American,2054-5,9th through 12th grade with no diploma,14.42
496,Hennepin County,27053,Black or African American,2054-5,High school graduate or GED completed,11.1
497,Hennepin County,27053,Black or African American,2054-5,"Some college credit, but not a degree",6.71
498,Hennepin County,27053,Black or African American,2054-5,"Associate degree (AA, AS)",8.9
499,Hennepin County,27053,Black or African American,2054-5,Unknown/Not on certificate,24.63
500,Hennepin County,27053,Black or African American,2054-5,Excluded,9.63
501,Ramsey County,27123,Black or African American,2054-5,9th through 12th grade with no diploma,15.35
502,Ramsey County,27123,Black or African American,2054-5,High school graduate or GED completed,10.88
503,Ramsey County,27123,Black or African American,2054-5,"Some college credit, but not a degree",8.15
504,Ramsey County,27123,Black or African American,2054-5,Excluded,10.31
505,Unidentified Counties,27999,Black or African American,2054-5,8th grade or less,7.36
506,Unidentified Counties,27999,Black or African American,2054-5,High school graduate or GED completed,13.43
507,Unidentified Counties,27999,Black or African American,2054-5,"Some college credit, but not a degree",9.32
508,Unidentified Counties,27999,Black or African American,2054-5,Excluded,9.32
509,Hinds County,28049,Black or African American,2054-5,Excluded,12.55
510,Unidentified Counties,28999,Black or African American,2054-5,8th grade or less,12.49
511,Unidentified Counties,28999,Black or African American,2054-5,9th through 12th grade with no diploma,11.29
512,Unidentified Counties,28999,Black or African American,2054-5,High school graduate or GED completed,12.78
513,Unidentified Counties,28999,Black or African American,2054-5,"Some college credit, but not a degree",10.8
514,Unidentified Counties,28999,Black or African American,2054-5,"Associate degree (AA, AS)",10.07
515,Unidentified Counties,28999,Black or African American,2054-5,"Bachelor's degree (BA, AB, BS)",8.18
516,Unidentified Counties,28999,Black or African American,2054-5,"Master's degree (MA, MS)",8.9
517,Unidentified Counties,28999,Black or African American,2054-5,Unknown/Not on certificate,178.57
518,Unidentified Counties,28999,Black or African American,2054-5,Excluded,13.15
519,Jackson County,29095,Black or African American,2054-5,9th through 12th grade with no diploma,10.42
520,Jackson County,29095,Black or African American,2054-5,High school graduate or GED completed,10.65
521,Jackson County,29095,Black or African American,2054-5,"Some college credit, but not a degree",9.6
522,Jackson County,29095,Black or African American,2054-5,Excluded,11.52
523,St. Louis County,29189,Black or African American,2054-5,9th through 12th grade with no diploma,12.86
524,St. Louis County,29189,Black or African American,2054-5,High school graduate or GED completed,12.27
525,St. Louis County,29189,Black or African American,2054-5,"Some college credit, but not a degree",12.03
526,St. Louis County,29189,Black or African American,2054-5,"Associate degree (AA, AS)",12.32
527,St. Louis County,29189,Black or African American,2054-5,"Bachelor's degree (BA, AB, BS)",9.11
528,St. Louis County,29189,Black or African American,2054-5,Excluded,14.93
529,St. Louis city,29510,Black or African American,2054-5,9th through 12th grade with no diploma,12.72
530,St. Louis city,29510,Black or African American,2054-5,High school graduate or GED completed,12.22
531,St. Louis city,29510,Black or African American,2054-5,"Some college credit, but not a degree",14.08
532,St. Louis city,29510,Black or African American,2054-5,Excluded,14.24
533,Unidentified Counties,29999,Black or African American,2054-5,9th through 12th grade with no diploma,16.67
534,Unidentified Counties,29999,Black or African American,2054-5,High school graduate or GED completed,11.63
535,Unidentified Counties,29999,Black or African American,2054-5,"Some college credit, but not a degree",9.6
536,Unidentified Counties,29999,Black or African American,2054-5,Excluded,12.66
537,Douglas County,31055,Black or African American,2054-5,9th through 12th grade with no diploma,13.96
538,Douglas County,31055,Black or African American,2054-5,High school graduate or GED completed,12.87
539,Douglas County,31055,Black or African American,2054-5,"Some college credit, but not a degree",11.5
540,Douglas County,31055,Black or African American,2054-5,"Associate degree (AA, AS)",16.52
541,Unidentified Counties,31999,Black or African American,2054-5,9th through 12th grade with no diploma,15.17
542,Clark County,32003,Black or African American,2054-5,9th through 12th grade with no diploma,10.21
543,Clark County,32003,Black or African American,2054-5,High school graduate or GED completed,7.79
544,Clark County,32003,Black or African American,2054-5,"Some college credit, but not a degree",9.65
545,Clark County,32003,Black or African American,2054-5,"Bachelor's degree (BA, AB, BS)",13.15
546,Clark County,32003,Black or African American,2054-5,Excluded,10.27
547,Washoe County,32031,Black or African American,2054-5,Excluded,14.29
548,Atlantic County,34001,Black or African American,2054-5,Excluded,16.35
549,Bergen County,34003,Black or African American,2054-5,Excluded,6.38
550,Burlington County,34005,Black or African American,2054-5,Excluded,10.17
551,Camden County,34007,Black or African American,2054-5,Excluded,14.94
552,Essex County,34013,Black or African American,2054-5,Excluded,10.04
553,Gloucester County,34015,Black or African American,2054-5,Excluded,14.51
554,Hudson County,34017,Black or African American,2054-5,Excluded,7.49
555,Mercer County,34021,Black or African American,2054-5,Excluded,15.77
556,Middlesex County,34023,Black or African American,2054-5,Excluded,6.66
557,Monmouth County,34025,Black or African American,2054-5,Excluded,9.05
558,Morris County,34027,Black or African American,2054-5,Excluded,9.55
559,Ocean County,34029,Black or African American,2054-5,Excluded,9.24
560,Passaic County,34031,Black or African American,2054-5,Excluded,6.3
561,Somerset County,34035,Black or African American,2054-5,Excluded,7.38
562,Union County,34039,Black or African American,2054-5,Excluded,7.76
563,Unidentified Counties,34999,Black or African American,2054-5,Excluded,12.05
564,Unidentified Counties,35999,Black or African American,2054-5,"Some college credit, but not a degree",14.87
565,Albany County,36001,Black or African American,2054-5,9th through 12th grade with no diploma,15.77
566,Albany County,36001,Black or African American,2054-5,High school graduate or GED completed,17.97
567,Albany County,36001,Black or African American,2054-5,"Some college credit, but not a degree",13.98
568,Albany County,36001,Black or African American,2054-5,"Associate degree (AA, AS)",14.66
569,Bronx County,36005,Black or African American,2054-5,8th grade or less,9.17
570,Bronx County,36005,Black or African American,2054-5,9th through 12th grade with no diploma,8.35
571,Bronx County,36005,Black or African American,2054-5,High school graduate or GED completed,6.57
572,Bronx County,36005,Black or African American,2054-5,"Some college credit, but not a degree",5.09
573,Bronx County,36005,Black or African American,2054-5,"Associate degree (AA, AS)",6.15
574,Bronx County,36005,Black or African American,2054-5,"Bachelor's degree (BA, AB, BS)",4.46
575,Bronx County,36005,Black or African American,2054-5,"Master's degree (MA, MS)",6.78
576,Bronx County,36005,Black or African American,2054-5,Unknown/Not on certificate,21.08
577,Bronx County,36005,Black or African American,2054-5,Excluded,7.76
578,Dutchess County,36027,Black or African American,2054-5,High school graduate or GED completed,15.31
579,Dutchess County,36027,Black or African American,2054-5,"Some college credit, but not a degree",10.47
580,Erie County,36029,Black or African American,2054-5,9th through 12th grade with no diploma,15.1
581,Erie County,36029,Black or African American,2054-5,High school graduate or GED completed,16.54
582,Erie County,36029,Black or African American,2054-5,"Some college credit, but not a degree",11.38
583,Erie County,36029,Black or African American,2054-5,"Associate degree (AA, AS)",11.03
584,Erie County,36029,Black or African American,2054-5,"Bachelor's degree (BA, AB, BS)",10.46
585,Erie County,36029,Black or African American,2054-5,Unknown/Not on certificate,61.7
586,Kings County,36047,Black or African American,2054-5,8th grade or less,4.32
587,Kings County,36047,Black or African American,2054-5,9th through 12th grade with no diploma,9.28
588,Kings County,36047,Black or African American,2054-5,High school graduate or GED completed,8.45
589,Kings County,36047,Black or African American,2054-5,"Some college credit, but not a degree",6.36
590,Kings County,36047,Black or African American,2054-5,"Associate degree (AA, AS)",6.55
591,Kings County,36047,Black or African American,2054-5,"Bachelor's degree (BA, AB, BS)",5.01
592,Kings County,36047,Black or African American,2054-5,"Master's degree (MA, MS)",3.92
593,Kings County,36047,Black or African American,2054-5,Unknown/Not on certificate,23.26
594,Kings County,36047,Black or African American,2054-5,Excluded,8.71
595,Monroe County,36055,Black or African American,2054-5,9th through 12th grade with no diploma,15.74
596,Monroe County,36055,Black or African American,2054-5,High school graduate or GED completed,13.7
597,Monroe County,36055,Black or African American,2054-5,"Some college credit, but not a degree",11.46
598,Monroe County,36055,Black or African American,2054-5,"Associate degree (AA, AS)",9.54
599,Nassau County,36059,Black or African American,2054-5,9th through 12th grade with no diploma,10.38
600,Nassau County,36059,Black or African American,2054-5,High school graduate or GED completed,14.66
601,Nassau County,36059,Black or African American,2054-5,"Some college credit, but not a degree",7.24
602,Nassau County,36059,Black or African American,2054-5,"Associate degree (AA, AS)",9.97
603,Nassau County,36059,Black or African American,2054-5,"Bachelor's degree (BA, AB, BS)",9.27
604,Nassau County,36059,Black or African American,2054-5,"Master's degree (MA, MS)",7.32
605,New York County,36061,Black or African American,2054-5,8th grade or less,12.5
606,New York County,36061,Black or African American,2054-5,9th through 12th grade with no diploma,7.59
607,New York County,36061,Black or African American,2054-5,High school graduate or GED completed,10.28
608,New York County,36061,Black or African American,2054-5,"Some college credit, but not a degree",8.73
609,New York County,36061,Black or African American,2054-5,"Associate degree (AA, AS)",7.05
610,New York County,36061,Black or African American,2054-5,"Bachelor's degree (BA, AB, BS)",6.4
611,New York County,36061,Black or African American,2054-5,Excluded,8.84
612,Onondaga County,36067,Black or African American,2054-5,9th through 12th grade with no diploma,15.77
613,Onondaga County,36067,Black or African American,2054-5,High school graduate or GED completed,9.5
614,Onondaga County,36067,Black or African American,2054-5,"Some college credit, but not a degree",12.99
615,Orange County,36071,Black or African American,2054-5,9th through 12th grade with no diploma,14.51
616,Orange County,36071,Black or African American,2054-5,High school graduate or GED completed,9.42
617,Orange County,36071,Black or African American,2054-5,"Some college credit, but not a degree",14.83
618,Queens County,36081,Black or African American,2054-5,9th through 12th grade with no diploma,9.88
619,Queens County,36081,Black or African American,2054-5,High school graduate or GED completed,7.04
620,Queens County,36081,Black or African American,2054-5,"Some college credit, but not a degree",7.5
621,Queens County,36081,Black or African American,2054-5,"Associate degree (AA, AS)",7.37
622,Queens County,36081,Black or African American,2054-5,"Bachelor's degree (BA, AB, BS)",5.17
623,Queens County,36081,Black or African American,2054-5,"Master's degree (MA, MS)",8.31
624,Queens County,36081,Black or African American,2054-5,Excluded,8.43
625,Richmond County,36085,Black or African American,2054-5,9th through 12th grade with no diploma,11.42
626,Richmond County,36085,Black or African American,2054-5,High school graduate or GED completed,7.96
627,Richmond County,36085,Black or African American,2054-5,"Some college credit, but not a degree",8
628,Richmond County,36085,Black or African American,2054-5,"Bachelor's degree (BA, AB, BS)",10.88
629,Richmond County,36085,Black or African American,2054-5,Excluded,10.53
630,Rockland County,36087,Black or African American,2054-5,High school graduate or GED completed,14.08
631,Rockland County,36087,Black or African American,2054-5,Unknown/Not on certificate,42.8
632,Suffolk County,36103,Black or African American,2054-5,9th through 12th grade with no diploma,7.65
633,Suffolk County,36103,Black or African American,2054-5,High school graduate or GED completed,9.08
634,Suffolk County,36103,Black or African American,2054-5,"Some college credit, but not a degree",6.73
635,Suffolk County,36103,Black or African American,2054-5,"Bachelor's degree (BA, AB, BS)",6.21
636,Suffolk County,36103,Black or African American,2054-5,Unknown/Not on certificate,71.66
637,Westchester County,36119,Black or African American,2054-5,9th through 12th grade with no diploma,9.92
638,Westchester County,36119,Black or African American,2054-5,High school graduate or GED completed,8.25
639,Westchester County,36119,Black or African American,2054-5,"Some college credit, but not a degree",8.99
640,Westchester County,36119,Black or African American,2054-5,"Associate degree (AA, AS)",12.32
641,Westchester County,36119,Black or African American,2054-5,"Bachelor's degree (BA, AB, BS)",6.8
642,Westchester County,36119,Black or African American,2054-5,Unknown/Not on certificate,18.07
643,Unidentified Counties,36999,Black or African American,2054-5,9th through 12th grade with no diploma,14.7
644,Unidentified Counties,36999,Black or African American,2054-5,High school graduate or GED completed,13.89
645,Unidentified Counties,36999,Black or African American,2054-5,"Some college credit, but not a degree",9.15
646,Unidentified Counties,36999,Black or African American,2054-5,"Associate degree (AA, AS)",14.64
647,Unidentified Counties,36999,Black or African American,2054-5,"Bachelor's degree (BA, AB, BS)",11.04
648,Unidentified Counties,36999,Black or African American,2054-5,Unknown/Not on certificate,29.72
649,Cumberland County,37051,Black or African American,2054-5,9th through 12th grade with no diploma,15.7
650,Cumberland County,37051,Black or African American,2054-5,High school graduate or GED completed,17.32
651,Cumberland County,37051,Black or African American,2054-5,"Some college credit, but not a degree",12.23
652,Cumberland County,37051,Black or African American,2054-5,"Associate degree (AA, AS)",15.87
653,Cumberland County,37051,Black or African American,2054-5,"Bachelor's degree (BA, AB, BS)",11.19
654,Cumberland County,37051,Black or African American,2054-5,Excluded,13.11
655,Durham County,37063,Black or African American,2054-5,9th through 12th grade with no diploma,13.26
656,Durham County,37063,Black or African American,2054-5,"Some college credit, but not a degree",12.48
657,Forsyth County,37067,Black or African American,2054-5,High school graduate or GED completed,13.55
658,Forsyth County,37067,Black or African American,2054-5,"Some college credit, but not a degree",10
659,Forsyth County,37067,Black or African American,2054-5,Excluded,19.39
660,Guilford County,37081,Black or African American,2054-5,9th through 12th grade with no diploma,9.93
661,Guilford County,37081,Black or African American,2054-5,High school graduate or GED completed,12.63
662,Guilford County,37081,Black or African American,2054-5,"Some college credit, but not a degree",10.2
663,Guilford County,37081,Black or African American,2054-5,"Associate degree (AA, AS)",13.38
664,Guilford County,37081,Black or African American,2054-5,"Bachelor's degree (BA, AB, BS)",10.1
665,Guilford County,37081,Black or African American,2054-5,"Master's degree (MA, MS)",14.86
666,Guilford County,37081,Black or African American,2054-5,Excluded,13.97
667,Mecklenburg County,37119,Black or African American,2054-5,9th through 12th grade with no diploma,9.65
668,Mecklenburg County,37119,Black or African American,2054-5,High school graduate or GED completed,11.1
669,Mecklenburg County,37119,Black or African American,2054-5,"Some college credit, but not a degree",10.53
670,Mecklenburg County,37119,Black or African American,2054-5,"Associate degree (AA, AS)",7.71
671,Mecklenburg County,37119,Black or African American,2054-5,"Bachelor's degree (BA, AB, BS)",8.07
672,Mecklenburg County,37119,Black or African American,2054-5,"Master's degree (MA, MS)",10.05
673,Mecklenburg County,37119,Black or African American,2054-5,Excluded,10.74
674,Wake County,37183,Black or African American,2054-5,9th through 12th grade with no diploma,15.85
675,Wake County,37183,Black or African American,2054-5,High school graduate or GED completed,11.52
676,Wake County,37183,Black or African American,2054-5,"Some college credit, but not a degree",11
677,Wake County,37183,Black or African American,2054-5,"Associate degree (AA, AS)",9.86
678,Wake County,37183,Black or African American,2054-5,"Bachelor's degree (BA, AB, BS)",8.75
679,Wake County,37183,Black or African American,2054-5,"Master's degree (MA, MS)",8.96
680,Wake County,37183,Black or African American,2054-5,Excluded,13.27
681,Unidentified Counties,37999,Black or African American,2054-5,8th grade or less,7.25
682,Unidentified Counties,37999,Black or African American,2054-5,9th through 12th grade with no diploma,14.29
683,Unidentified Counties,37999,Black or African American,2054-5,High school graduate or GED completed,13.59
684,Unidentified Counties,37999,Black or African American,2054-5,"Some college credit, but not a degree",12.04
685,Unidentified Counties,37999,Black or African American,2054-5,"Associate degree (AA, AS)",9.92
686,Unidentified Counties,37999,Black or African American,2054-5,"Bachelor's degree (BA, AB, BS)",10.39
687,Unidentified Counties,37999,Black or African American,2054-5,"Master's degree (MA, MS)",13.59
688,Unidentified Counties,37999,Black or African American,2054-5,Unknown/Not on certificate,52.91
689,Unidentified Counties,37999,Black or African American,2054-5,Excluded,14.04
690,Unidentified Counties,38999,Black or African American,2054-5,"Some college credit, but not a degree",11.76
691,Butler County,39017,Black or African American,2054-5,High school graduate or GED completed,16.55
692,Butler County,39017,Black or African American,2054-5,"Some college credit, but not a degree",9.48
693,Cuyahoga County,39035,Black or African American,2054-5,9th through 12th grade with no diploma,15.64
694,Cuyahoga County,39035,Black or African American,2054-5,High school graduate or GED completed,14.52
695,Cuyahoga County,39035,Black or African American,2054-5,"Some college credit, but not a degree",13.81
696,Cuyahoga County,39035,Black or African American,2054-5,"Associate degree (AA, AS)",11.29
697,Cuyahoga County,39035,Black or African American,2054-5,"Bachelor's degree (BA, AB, BS)",8.82
698,Cuyahoga County,39035,Black or African American,2054-5,"Master's degree (MA, MS)",8.18
699,Cuyahoga County,39035,Black or African American,2054-5,Unknown/Not on certificate,85.83
700,Franklin County,39049,Black or African American,2054-5,8th grade or less,7.83
701,Franklin County,39049,Black or African American,2054-5,9th through 12th grade with no diploma,14.54
702,Franklin County,39049,Black or African American,2054-5,High school graduate or GED completed,13.12
703,Franklin County,39049,Black or African American,2054-5,"Some college credit, but not a degree",12.49
704,Franklin County,39049,Black or African American,2054-5,"Associate degree (AA, AS)",15.65
705,Franklin County,39049,Black or African American,2054-5,"Bachelor's degree (BA, AB, BS)",10.69
706,Franklin County,39049,Black or African American,2054-5,"Master's degree (MA, MS)",12.29
707,Franklin County,39049,Black or African American,2054-5,Unknown/Not on certificate,26.45
708,Hamilton County,39061,Black or African American,2054-5,9th through 12th grade with no diploma,17.92
709,Hamilton County,39061,Black or African American,2054-5,High school graduate or GED completed,15.22
710,Hamilton County,39061,Black or African American,2054-5,"Some college credit, but not a degree",14.49
711,Hamilton County,39061,Black or African American,2054-5,"Associate degree (AA, AS)",12.86
712,Hamilton County,39061,Black or African American,2054-5,"Bachelor's degree (BA, AB, BS)",10.23
713,Hamilton County,39061,Black or African American,2054-5,Unknown/Not on certificate,55.17
714,Lorain County,39093,Black or African American,2054-5,9th through 12th grade with no diploma,12.61
715,Lorain County,39093,Black or African American,2054-5,High school graduate or GED completed,12.12
716,Lorain County,39093,Black or African American,2054-5,"Some college credit, but not a degree",11.09
717,Lucas County,39095,Black or African American,2054-5,9th through 12th grade with no diploma,13.46
718,Lucas County,39095,Black or African American,2054-5,High school graduate or GED completed,10.94
719,Lucas County,39095,Black or African American,2054-5,"Some college credit, but not a degree",12.83
720,Mahoning County,39099,Black or African American,2054-5,9th through 12th grade with no diploma,21.57
721,Mahoning County,39099,Black or African American,2054-5,High school graduate or GED completed,10.14
722,Mahoning County,39099,Black or African American,2054-5,"Some college credit, but not a degree",18.15
723,Montgomery County,39113,Black or African American,2054-5,9th through 12th grade with no diploma,16.56
724,Montgomery County,39113,Black or African American,2054-5,High school graduate or GED completed,11.64
725,Montgomery County,39113,Black or African American,2054-5,"Some college credit, but not a degree",12.15
726,Montgomery County,39113,Black or African American,2054-5,"Associate degree (AA, AS)",12.23
727,Stark County,39151,Black or African American,2054-5,9th through 12th grade with no diploma,17.94
728,Stark County,39151,Black or African American,2054-5,High school graduate or GED completed,15.85
729,Stark County,39151,Black or African American,2054-5,"Some college credit, but not a degree",14.75
730,Summit County,39153,Black or African American,2054-5,9th through 12th grade with no diploma,16.69
731,Summit County,39153,Black or African American,2054-5,High school graduate or GED completed,10.47
732,Summit County,39153,Black or African American,2054-5,"Some college credit, but not a degree",12.92
733,Summit County,39153,Black or African American,2054-5,"Associate degree (AA, AS)",10.85
734,Unidentified Counties,39999,Black or African American,2054-5,9th through 12th grade with no diploma,15.51
735,Unidentified Counties,39999,Black or African American,2054-5,High school graduate or GED completed,13.97
736,Unidentified Counties,39999,Black or African American,2054-5,"Some college credit, but not a degree",10.36
737,Unidentified Counties,39999,Black or African American,2054-5,"Associate degree (AA, AS)",11.86
738,Unidentified Counties,39999,Black or African American,2054-5,"Bachelor's degree (BA, AB, BS)",5.91
739,Unidentified Counties,39999,Black or African American,2054-5,Unknown/Not on certificate,25.51
740,Oklahoma County,40109,Black or African American,2054-5,9th through 12th grade with no diploma,11.16
741,Oklahoma County,40109,Black or African American,2054-5,High school graduate or GED completed,15.4
742,Oklahoma County,40109,Black or African American,2054-5,"Some college credit, but not a degree",10.32
743,Oklahoma County,40109,Black or African American,2054-5,Excluded,13.54
744,Tulsa County,40143,Black or African American,2054-5,9th through 12th grade with no diploma,15.59
745,Tulsa County,40143,Black or African American,2054-5,High school graduate or GED completed,16.12
746,Tulsa County,40143,Black or African American,2054-5,"Some college credit, but not a degree",17.12
747,Tulsa County,40143,Black or African American,2054-5,Excluded,13.63
748,Unidentified Counties,40999,Black or African American,2054-5,9th through 12th grade with no diploma,9.75
749,Unidentified Counties,40999,Black or African American,2054-5,High school graduate or GED completed,11.14
750,Unidentified Counties,40999,Black or African American,2054-5,"Some college credit, but not a degree",14.01
751,Unidentified Counties,40999,Black or African American,2054-5,"Associate degree (AA, AS)",19.92
752,Unidentified Counties,40999,Black or African American,2054-5,Excluded,12.31
753,Multnomah County,41051,Black or African American,2054-5,9th through 12th grade with no diploma,10.82
754,Multnomah County,41051,Black or African American,2054-5,High school graduate or GED completed,9.75
755,Multnomah County,41051,Black or African American,2054-5,"Some college credit, but not a degree",8.14
756,Multnomah County,41051,Black or African American,2054-5,Excluded,13.59
757,Allegheny County,42003,Black or African American,2054-5,9th through 12th grade with no diploma,14.51
758,Allegheny County,42003,Black or African American,2054-5,High school graduate or GED completed,14.98
759,Allegheny County,42003,Black or African American,2054-5,"Some college credit, but not a degree",13.78
760,Allegheny County,42003,Black or African American,2054-5,"Associate degree (AA, AS)",9.82
761,Allegheny County,42003,Black or African American,2054-5,"Bachelor's degree (BA, AB, BS)",7.27
762,Allegheny County,42003,Black or African American,2054-5,Unknown/Not on certificate,195.4
763,Berks County,42011,Black or African American,2054-5,9th through 12th grade with no diploma,11.92
764,Berks County,42011,Black or African American,2054-5,High school graduate or GED completed,17.86
765,Berks County,42011,Black or African American,2054-5,"Some college credit, but not a degree",16.84
766,Bucks County,42017,Black or African American,2054-5,Unknown/Not on certificate,30.88
767,Chester County,42029,Black or African American,2054-5,High school graduate or GED completed,7.97
768,Chester County,42029,Black or African American,2054-5,"Some college credit, but not a degree",11.66
769,Dauphin County,42043,Black or African American,2054-5,9th through 12th grade with no diploma,12.11
770,Dauphin County,42043,Black or African American,2054-5,High school graduate or GED completed,12.45
771,Dauphin County,42043,Black or African American,2054-5,"Some college credit, but not a degree",12.28
772,Delaware County,42045,Black or African American,2054-5,9th through 12th grade with no diploma,11.41
773,Delaware County,42045,Black or African American,2054-5,High school graduate or GED completed,11.72
774,Delaware County,42045,Black or African American,2054-5,"Some college credit, but not a degree",13.18
775,Delaware County,42045,Black or African American,2054-5,"Associate degree (AA, AS)",17.24
776,Delaware County,42045,Black or African American,2054-5,"Bachelor's degree (BA, AB, BS)",9.17
777,Delaware County,42045,Black or African American,2054-5,Unknown/Not on certificate,85.3
778,Erie County,42049,Black or African American,2054-5,9th through 12th grade with no diploma,10.44
779,Erie County,42049,Black or African American,2054-5,High school graduate or GED completed,16.84
780,Erie County,42049,Black or African American,2054-5,"Some college credit, but not a degree",12.42
781,Lancaster County,42071,Black or African American,2054-5,9th through 12th grade with no diploma,11.32
782,Lancaster County,42071,Black or African American,2054-5,High school graduate or GED completed,13.53
783,Lehigh County,42077,Black or African American,2054-5,9th through 12th grade with no diploma,6.93
784,Lehigh County,42077,Black or African American,2054-5,High school graduate or GED completed,14.39
785,Lehigh County,42077,Black or African American,2054-5,"Some college credit, but not a degree",9.42
786,Luzerne County,42079,Black or African American,2054-5,9th through 12th grade with no diploma,14.81
787,Luzerne County,42079,Black or African American,2054-5,"Some college credit, but not a degree",17.8
788,Montgomery County,42091,Black or African American,2054-5,9th through 12th grade with no diploma,15.22
789,Montgomery County,42091,Black or African American,2054-5,High school graduate or GED completed,12.65
790,Montgomery County,42091,Black or African American,2054-5,"Some college credit, but not a degree",10.09
791,Montgomery County,42091,Black or African American,2054-5,"Master's degree (MA, MS)",11.31
792,Northampton County,42095,Black or African American,2054-5,High school graduate or GED completed,14.12
793,Philadelphia County,42101,Black or African American,2054-5,8th grade or less,5.99
794,Philadelphia County,42101,Black or African American,2054-5,9th through 12th grade with no diploma,12.75
795,Philadelphia County,42101,Black or African American,2054-5,High school graduate or GED completed,10.47
796,Philadelphia County,42101,Black or African American,2054-5,"Some college credit, but not a degree",9.21
797,Philadelphia County,42101,Black or African American,2054-5,"Associate degree (AA, AS)",8.61
798,Philadelphia County,42101,Black or African American,2054-5,"Bachelor's degree (BA, AB, BS)",9.13
799,Philadelphia County,42101,Black or African American,2054-5,"Master's degree (MA, MS)",5.59
800,Philadelphia County,42101,Black or African American,2054-5,Unknown/Not on certificate,114.45
801,York County,42133,Black or African American,2054-5,High school graduate or GED completed,11.09
802,York County,42133,Black or African American,2054-5,"Some college credit, but not a degree",15.1
803,Unidentified Counties,42999,Black or African American,2054-5,9th through 12th grade with no diploma,17.22
804,Unidentified Counties,42999,Black or African American,2054-5,High school graduate or GED completed,12.21
805,Unidentified Counties,42999,Black or African American,2054-5,"Some college credit, but not a degree",10.54
806,Unidentified Counties,42999,Black or African American,2054-5,"Associate degree (AA, AS)",9.68
807,Unidentified Counties,42999,Black or African American,2054-5,"Bachelor's degree (BA, AB, BS)",12.94
808,Unidentified Counties,42999,Black or African American,2054-5,Unknown/Not on certificate,35.04
809,Providence County,44007,Black or African American,2054-5,Excluded,10.1
810,Unidentified Counties,44999,Black or African American,2054-5,Excluded,13.1
811,Charleston County,45019,Black or African American,2054-5,9th through 12th grade with no diploma,10.88
812,Charleston County,45019,Black or African American,2054-5,High school graduate or GED completed,10.22
813,Charleston County,45019,Black or African American,2054-5,"Some college credit, but not a degree",9.09
814,Charleston County,45019,Black or African American,2054-5,"Bachelor's degree (BA, AB, BS)",9.21
815,Charleston County,45019,Black or African American,2054-5,Unknown/Not on certificate,106.67
816,Greenville County,45045,Black or African American,2054-5,9th through 12th grade with no diploma,12.9
817,Greenville County,45045,Black or African American,2054-5,High school graduate or GED completed,11.68
818,Greenville County,45045,Black or African American,2054-5,"Some college credit, but not a degree",11.03
819,Greenville County,45045,Black or African American,2054-5,"Associate degree (AA, AS)",9.67
820,Richland County,45079,Black or African American,2054-5,9th through 12th grade with no diploma,11.53
821,Richland County,45079,Black or African American,2054-5,High school graduate or GED completed,12.32
822,Richland County,45079,Black or African American,2054-5,"Some college credit, but not a degree",9.43
823,Richland County,45079,Black or African American,2054-5,"Associate degree (AA, AS)",11.47
824,Richland County,45079,Black or African American,2054-5,"Bachelor's degree (BA, AB, BS)",7.59
825,Richland County,45079,Black or African American,2054-5,"Master's degree (MA, MS)",7.88
826,Spartanburg County,45083,Black or African American,2054-5,9th through 12th grade with no diploma,8.17
827,Spartanburg County,45083,Black or African American,2054-5,High school graduate or GED completed,8.72
828,Spartanburg County,45083,Black or African American,2054-5,"Some college credit, but not a degree",8.19
829,Unidentified Counties,45999,Black or African American,2054-5,8th grade or less,10.93
830,Unidentified Counties,45999,Black or African American,2054-5,9th through 12th grade with no diploma,11.79
831,Unidentified Counties,45999,Black or African American,2054-5,High school graduate or GED completed,11.95
832,Unidentified Counties,45999,Black or African American,2054-5,"Some college credit, but not a degree",10.76
833,Unidentified Counties,45999,Black or African American,2054-5,"Associate degree (AA, AS)",11.63
834,Unidentified Counties,45999,Black or African American,2054-5,"Bachelor's degree (BA, AB, BS)",11.53
835,Unidentified Counties,45999,Black or African American,2054-5,"Master's degree (MA, MS)",11.56
836,Unidentified Counties,45999,Black or African American,2054-5,Unknown/Not on certificate,45.93
837,Unidentified Counties,46999,Black or African American,2054-5,High school graduate or GED completed,12.79
838,Davidson County,47037,Black or African American,2054-5,8th grade or less,7.92
839,Davidson County,47037,Black or African American,2054-5,9th through 12th grade with no diploma,14.36
840,Davidson County,47037,Black or African American,2054-5,High school graduate or GED completed,11.44
841,Davidson County,47037,Black or African American,2054-5,"Some college credit, but not a degree",9.08
842,Davidson County,47037,Black or African American,2054-5,"Associate degree (AA, AS)",12.42
843,Davidson County,47037,Black or African American,2054-5,"Bachelor's degree (BA, AB, BS)",8.79
844,Davidson County,47037,Black or African American,2054-5,Unknown/Not on certificate,78.19
845,Hamilton County,47065,Black or African American,2054-5,9th through 12th grade with no diploma,15
846,Hamilton County,47065,Black or African American,2054-5,High school graduate or GED completed,13.84
847,Hamilton County,47065,Black or African American,2054-5,"Some college credit, but not a degree",11.95
848,Knox County,47093,Black or African American,2054-5,9th through 12th grade with no diploma,13.99
849,Knox County,47093,Black or African American,2054-5,High school graduate or GED completed,9.45
850,Knox County,47093,Black or African American,2054-5,"Some college credit, but not a degree",15.02
851,Shelby County,47157,Black or African American,2054-5,8th grade or less,12.8
852,Shelby County,47157,Black or African American,2054-5,9th through 12th grade with no diploma,14.96
853,Shelby County,47157,Black or African American,2054-5,High school graduate or GED completed,14.36
854,Shelby County,47157,Black or African American,2054-5,"Some college credit, but not a degree",12.82
855,Shelby County,47157,Black or African American,2054-5,"Associate degree (AA, AS)",15.04
856,Shelby County,47157,Black or African American,2054-5,"Bachelor's degree (BA, AB, BS)",11.95
857,Shelby County,47157,Black or African American,2054-5,"Master's degree (MA, MS)",9.42
858,Shelby County,47157,Black or African American,2054-5,Unknown/Not on certificate,27.3
859,Unidentified Counties,47999,Black or African American,2054-5,8th grade or less,10.77
860,Unidentified Counties,47999,Black or African American,2054-5,9th through 12th grade with no diploma,13.12
861,Unidentified Counties,47999,Black or African American,2054-5,High school graduate or GED completed,11.4
862,Unidentified Counties,47999,Black or African American,2054-5,"Some college credit, but not a degree",10.53
863,Unidentified Counties,47999,Black or African American,2054-5,"Associate degree (AA, AS)",9.37
864,Unidentified Counties,47999,Black or African American,2054-5,"Bachelor's degree (BA, AB, BS)",6.17
865,Bell County,48027,Black or African American,2054-5,High school graduate or GED completed,7.44
866,Bell County,48027,Black or African American,2054-5,"Some college credit, but not a degree",9.08
867,Bexar County,48029,Black or African American,2054-5,9th through 12th grade with no diploma,12.39
868,Bexar County,48029,Black or African American,2054-5,High school graduate or GED completed,8.21
869,Bexar County,48029,Black or African American,2054-5,"Some college credit, but not a degree",8.49
870,Bexar County,48029,Black or African American,2054-5,"Associate degree (AA, AS)",7.12
871,Bexar County,48029,Black or African American,2054-5,"Bachelor's degree (BA, AB, BS)",11.21
872,Collin County,48085,Black or African American,2054-5,High school graduate or GED completed,6.99
873,Collin County,48085,Black or African American,2054-5,"Some college credit, but not a degree",7.23
874,Collin County,48085,Black or African American,2054-5,"Bachelor's degree (BA, AB, BS)",4.09
875,Collin County,48085,Black or African American,2054-5,"Master's degree (MA, MS)",9.23
876,Dallas County,48113,Black or African American,2054-5,9th through 12th grade with no diploma,12.72
877,Dallas County,48113,Black or African American,2054-5,High school graduate or GED completed,12.48
878,Dallas County,48113,Black or African American,2054-5,"Some college credit, but not a degree",10.48
879,Dallas County,48113,Black or African American,2054-5,"Associate degree (AA, AS)",13.68
880,Dallas County,48113,Black or African American,2054-5,"Bachelor's degree (BA, AB, BS)",10.42
881,Dallas County,48113,Black or African American,2054-5,"Master's degree (MA, MS)",9.11
882,Dallas County,48113,Black or African American,2054-5,Unknown/Not on certificate,111.84
883,Denton County,48121,Black or African American,2054-5,High school graduate or GED completed,10.01
884,Denton County,48121,Black or African American,2054-5,"Some college credit, but not a degree",9.85
885,Denton County,48121,Black or African American,2054-5,"Bachelor's degree (BA, AB, BS)",6.18
886,El Paso County,48141,Black or African American,2054-5,High school graduate or GED completed,12.13
887,El Paso County,48141,Black or African American,2054-5,"Some college credit, but not a degree",12.29
888,Fort Bend County,48157,Black or African American,2054-5,High school graduate or GED completed,10.93
889,Fort Bend County,48157,Black or African American,2054-5,"Some college credit, but not a degree",7.03
890,Fort Bend County,48157,Black or African American,2054-5,"Bachelor's degree (BA, AB, BS)",6.54
891,Fort Bend County,48157,Black or African American,2054-5,"Master's degree (MA, MS)",7.69
892,Galveston County,48167,Black or African American,2054-5,High school graduate or GED completed,9.87
893,Galveston County,48167,Black or African American,2054-5,"Some college credit, but not a degree",11.34
894,Harris County,48201,Black or African American,2054-5,8th grade or less,10.21
895,Harris County,48201,Black or African American,2054-5,9th through 12th grade with no diploma,12
896,Harris County,48201,Black or African American,2054-5,High school graduate or GED completed,11.3
897,Harris County,48201,Black or African American,2054-5,"Some college credit, but not a degree",9.53
898,Harris County,48201,Black or African American,2054-5,"Associate degree (AA, AS)",10.2
899,Harris County,48201,Black or African American,2054-5,"Bachelor's degree (BA, AB, BS)",7.44
900,Harris County,48201,Black or African American,2054-5,"Master's degree (MA, MS)",8.14
901,Harris County,48201,Black or African American,2054-5,Unknown/Not on certificate,117.32
902,Jefferson County,48245,Black or African American,2054-5,9th through 12th grade with no diploma,11.04
903,Jefferson County,48245,Black or African American,2054-5,High school graduate or GED completed,13.25
904,Jefferson County,48245,Black or African American,2054-5,"Some college credit, but not a degree",9.25
905,Jefferson County,48245,Black or African American,2054-5,"Associate degree (AA, AS)",24.29
906,Montgomery County,48339,Black or African American,2054-5,High school graduate or GED completed,12.01
907,Tarrant County,48439,Black or African American,2054-5,9th through 12th grade with no diploma,12.94
908,Tarrant County,48439,Black or African American,2054-5,High school graduate or GED completed,15.18
909,Tarrant County,48439,Black or African American,2054-5,"Some college credit, but not a degree",10.42
910,Tarrant County,48439,Black or African American,2054-5,"Associate degree (AA, AS)",10.33
911,Tarrant County,48439,Black or African American,2054-5,"Bachelor's degree (BA, AB, BS)",9.72
912,Tarrant County,48439,Black or African American,2054-5,"Master's degree (MA, MS)",9.63
913,Travis County,48453,Black or African American,2054-5,9th through 12th grade with no diploma,16.57
914,Travis County,48453,Black or African American,2054-5,High school graduate or GED completed,7.75
915,Travis County,48453,Black or African American,2054-5,"Some college credit, but not a degree",9.53
916,Travis County,48453,Black or African American,2054-5,"Bachelor's degree (BA, AB, BS)",11.75
917,Unidentified Counties,48999,Black or African American,2054-5,8th grade or less,7.14
918,Unidentified Counties,48999,Black or African American,2054-5,9th through 12th grade with no diploma,10.73
919,Unidentified Counties,48999,Black or African American,2054-5,High school graduate or GED completed,11.5
920,Unidentified Counties,48999,Black or African American,2054-5,"Some college credit, but not a degree",9.75
921,Unidentified Counties,48999,Black or African American,2054-5,"Associate degree (AA, AS)",9.41
922,Unidentified Counties,48999,Black or African American,2054-5,"Bachelor's degree (BA, AB, BS)",9.65
923,Unidentified Counties,48999,Black or African American,2054-5,"Master's degree (MA, MS)",5.2
924,Unidentified Counties,48999,Black or African American,2054-5,Unknown/Not on certificate,56.87
925,Salt Lake County,49035,Black or African American,2054-5,High school graduate or GED completed,15.56
926,Salt Lake County,49035,Black or African American,2054-5,Excluded,9.29
927,Chesterfield County,51041,Black or African American,2054-5,Excluded,9.12
928,Fairfax County,51059,Black or African American,2054-5,"Some college credit, but not a degree",11.37
929,Fairfax County,51059,Black or African American,2054-5,Excluded,8.24
930,Henrico County,51087,Black or African American,2054-5,High school graduate or GED completed,14.93
931,Henrico County,51087,Black or African American,2054-5,Excluded,11.35
932,Prince William County,51153,Black or African American,2054-5,Excluded,10.93
933,Virginia Beach city,51810,Black or African American,2054-5,High school graduate or GED completed,15.4
934,Virginia Beach city,51810,Black or African American,2054-5,"Some college credit, but not a degree",7.4
935,Virginia Beach city,51810,Black or African American,2054-5,Excluded,11.13
936,Unidentified Counties,51999,Black or African American,2054-5,9th through 12th grade with no diploma,11.93
937,Unidentified Counties,51999,Black or African American,2054-5,High school graduate or GED completed,10.59
938,Unidentified Counties,51999,Black or African American,2054-5,"Some college credit, but not a degree",10.26
939,Unidentified Counties,51999,Black or African American,2054-5,"Associate degree (AA, AS)",7.54
940,Unidentified Counties,51999,Black or African American,2054-5,"Bachelor's degree (BA, AB, BS)",10.52
941,Unidentified Counties,51999,Black or African American,2054-5,"Master's degree (MA, MS)",7.83
942,Unidentified Counties,51999,Black or African American,2054-5,Unknown/Not on certificate,50.68
943,Unidentified Counties,51999,Black or African American,2054-5,Excluded,13.47
944,King County,53033,Black or African American,2054-5,8th grade or less,6.73
945,King County,53033,Black or African American,2054-5,9th through 12th grade with no diploma,7.13
946,King County,53033,Black or African American,2054-5,High school graduate or GED completed,7.47
947,King County,53033,Black or African American,2054-5,"Some college credit, but not a degree",7.37
948,King County,53033,Black or African American,2054-5,"Associate degree (AA, AS)",9.34
949,King County,53033,Black or African American,2054-5,"Bachelor's degree (BA, AB, BS)",5.19
950,King County,53033,Black or African American,2054-5,Unknown/Not on certificate,18.9
951,Pierce County,53053,Black or African American,2054-5,9th through 12th grade with no diploma,10.53
952,Pierce County,53053,Black or African American,2054-5,High school graduate or GED completed,11.03
953,Pierce County,53053,Black or African American,2054-5,"Some college credit, but not a degree",8.16
954,Unidentified Counties,53999,Black or African American,2054-5,High school graduate or GED completed,7.87
955,Unidentified Counties,53999,Black or African American,2054-5,"Some college credit, but not a degree",9.08
956,Unidentified Counties,54999,Black or African American,2054-5,Excluded,10.92
957,Dane County,55025,Black or African American,2054-5,High school graduate or GED completed,12.58
958,Dane County,55025,Black or African American,2054-5,"Some college credit, but not a degree",16.44
959,Dane County,55025,Black or African American,2054-5,Excluded,14.92
960,Milwaukee County,55079,Black or African American,2054-5,9th through 12th grade with no diploma,14.84
961,Milwaukee County,55079,Black or African American,2054-5,High school graduate or GED completed,11.15
962,Milwaukee County,55079,Black or African American,2054-5,"Some college credit, but not a degree",16.16
963,Milwaukee County,55079,Black or African American,2054-5,"Associate degree (AA, AS)",12.71
964,Milwaukee County,55079,Black or African American,2054-5,"Bachelor's degree (BA, AB, BS)",10.02
965,Milwaukee County,55079,Black or African American,2054-5,Unknown/Not on certificate,73.77
966,Milwaukee County,55079,Black or African American,2054-5,Excluded,14.07
967,Unidentified Counties,55999,Black or African American,2054-5,9th through 12th grade with no diploma,17.09
968,Unidentified Counties,55999,Black or African American,2054-5,High school graduate or GED completed,13.71
969,Unidentified Counties,55999,Black or African American,2054-5,"Some college credit, but not a degree",15.27
970,Unidentified Counties,55999,Black or African American,2054-5,Excluded,12.52